-- MySQL dump 10.13  Distrib 5.7.30, for Linux (x86_64)
--
-- Host: localhost    Database: ecm
-- ------------------------------------------------------
-- Server version	5.7.30-0ubuntu0.16.04.1

/*!40101 SET @OLD_CHARACTER_SET_CLIENT=@@CHARACTER_SET_CLIENT */;
/*!40101 SET @OLD_CHARACTER_SET_RESULTS=@@CHARACTER_SET_RESULTS */;
/*!40101 SET @OLD_COLLATION_CONNECTION=@@COLLATION_CONNECTION */;
/*!40101 SET NAMES utf8 */;
/*!40103 SET @OLD_TIME_ZONE=@@TIME_ZONE */;
/*!40103 SET TIME_ZONE='+00:00' */;
/*!40014 SET @OLD_UNIQUE_CHECKS=@@UNIQUE_CHECKS, UNIQUE_CHECKS=0 */;
/*!40014 SET @OLD_FOREIGN_KEY_CHECKS=@@FOREIGN_KEY_CHECKS, FOREIGN_KEY_CHECKS=0 */;
/*!40101 SET @OLD_SQL_MODE=@@SQL_MODE, SQL_MODE='NO_AUTO_VALUE_ON_ZERO' */;
/*!40111 SET @OLD_SQL_NOTES=@@SQL_NOTES, SQL_NOTES=0 */;

--
-- Table structure for table `EVIDENCE_BODY`
--

DROP TABLE IF EXISTS `EVIDENCE_BODY`;
/*!40101 SET @saved_cs_client     = @@character_set_client */;
/*!40101 SET character_set_client = utf8 */;
CREATE TABLE `EVIDENCE_BODY` (
  `id` int(11) NOT NULL AUTO_INCREMENT,
  `body` varchar(255) DEFAULT NULL,
  `ajxh` int(11) DEFAULT NULL,
  `committer` varchar(255) DEFAULT NULL,
  `document_id` int(11) DEFAULT NULL,
  `isDefendant` int(11) NOT NULL,
  `logicNodeID` int(11) NOT NULL,
  `name` varchar(255) DEFAULT NULL,
  `reason` varchar(255) DEFAULT NULL,
  `trust` int(11) DEFAULT NULL,
  `type` int(11) DEFAULT NULL,
  `x` int(11) NOT NULL,
  `y` int(11) NOT NULL,
  PRIMARY KEY (`id`)
) ENGINE=InnoDB AUTO_INCREMENT=505 DEFAULT CHARSET=utf8;
/*!40101 SET character_set_client = @saved_cs_client */;

--
-- Dumping data for table `EVIDENCE_BODY`
--

LOCK TABLES `EVIDENCE_BODY` WRITE;
/*!40000 ALTER TABLE `EVIDENCE_BODY` DISABLE KEYS */;
INSERT INTO `EVIDENCE_BODY` VALUES (271,'2012年12月24日塘沽卫生监督所刘谨钊等人，给其送达了行政处罚决定书，内容是两项，第一是没收先行保存的药品、器械，并处以五千元的罚款，第二是改正违法行为。',2,NULL,5,0,273,NULL,NULL,1,5,-1,-1),(272,'后来通过刘宏找了一个卫生所姓刘的，那人负责医疗卫生检查，每次都是他带人来查，王燕请他吃了饭并先后一共给了4000元钱，目的是为了不交罚款或少交罚款。',2,NULL,5,0,274,NULL,NULL,1,5,-1,-1),(273,'2012年冬天的一天，王燕给其打电话说塘沽卫生所负责检查非法行医的刘谨钊查到他们诊所了',2,NULL,5,0,275,NULL,NULL,1,5,-1,-1),(274,'内容与刘林森证言证实内容基本一致，能互相印证，其证言还证实了 2014年5月21曰、2014年6月间接群众举报对王燕非法行医的地点进行了查处，王燕因涉嫌非法行医被移送到了公安机关。',2,NULL,6,0,276,NULL,NULL,1,5,-1,-1),(275,'其是从2012年开始行医的，在塘沽开办了一个叫天津市塘沽华仁中医药门诊部的个体诊所，诊所有执照，是合法经营。',2,NULL,6,0,277,NULL,NULL,1,5,-1,-1),(276,'其开的诊所名称叫天津市滨海新区塘沽孟繁明中医诊所，刘谨钊是塘沽卫生监督所的监督员，负责对他的诊所进行监督检查。',2,NULL,6,0,278,NULL,NULL,1,5,-1,-1),(499,'1、证人吴秀春在2015年3月7日的证言中陈述到，昨天其丈夫王某某跟其讲不回家吃饭了，其儿子下班后回家了，回家后就再没有出门。',3,NULL,1,0,1938,NULL,NULL,1,0,-1,-1),(500,'2、证人出租车司机，在2015年3月7日凌晨，在外环往浦东机场匝道口有一辆深色的轿车，在车辆边上，车旁就一个人好像没其他人，不像喝过酒的样子。',3,NULL,1,0,1939,NULL,NULL,1,0,-1,-1),(501,'3、道路交通事故现场图及照片、事故现场勘查笔录、当事人血样提取登记表、物损评估意见书、司法鉴定科学技术研究所司法鉴定中心检验报告书，证实车辆事故现场情况、车辆物损情况及被告人王某某血液中乙醇含量为1．69毫克／毫升。',3,NULL,1,0,1940,NULL,NULL,1,1,-1,-1),(502,'1、查获经过及案发经过，证实在2015年3月7日3时许，在罗山路进外环高速往浦东机场方向的匝道上一辆沪ARXXXX荣威轿车发生单车事故，王某某称车辆由其儿子王永磊出门驾驶。',3,NULL,2,1,1941,NULL,NULL,0,5,-1,-1),(503,'2、证人沈某某的证言，证实2015年3月6日晚，其召集了老同事王某某等人一起在新友饭店吃饭，王某某喝了酒，大约到晚上10时30分许结束，当天其和王某某一起离开了新友饭店，当天吃饭期间，讲到谁喝酒，谁就不要开车，当时王某某讲已安排好了。',3,NULL,2,1,1942,NULL,NULL,1,0,-1,-1),(504,'3、证人浦某某的证言，证实2015年3月6日晚上10时左右，其在新友饭店参加朋友沈某某的聚餐，沈某某讲喝了酒不要开车叫代驾，王某某讲已安排好人开车了，后来其也看到王某某好像朝车库走，后面好像跟了一个人。',3,NULL,2,1,1943,NULL,NULL,1,0,-1,-1);
/*!40000 ALTER TABLE `EVIDENCE_BODY` ENABLE KEYS */;
UNLOCK TABLES;

--
-- Table structure for table `EVIDENCE_DOCUMENT`
--

DROP TABLE IF EXISTS `EVIDENCE_DOCUMENT`;
/*!40101 SET @saved_cs_client     = @@character_set_client */;
/*!40101 SET character_set_client = utf8 */;
CREATE TABLE `EVIDENCE_DOCUMENT` (
  `id` int(11) NOT NULL AUTO_INCREMENT,
  `ajxh` int(11) DEFAULT NULL,
  `committer` varchar(255) DEFAULT NULL,
  `text` text,
  `type` int(11) DEFAULT NULL,
  PRIMARY KEY (`id`)
) ENGINE=InnoDB AUTO_INCREMENT=3 DEFAULT CHARSET=utf8;
/*!40101 SET character_set_client = @saved_cs_client */;

--
-- Dumping data for table `EVIDENCE_DOCUMENT`
--

LOCK TABLES `EVIDENCE_DOCUMENT` WRITE;
/*!40000 ALTER TABLE `EVIDENCE_DOCUMENT` DISABLE KEYS */;
INSERT INTO `EVIDENCE_DOCUMENT` VALUES (1,3,NULL,'1、证人吴秀春在2015年3月7日的证言中陈述到，昨天其丈夫王某某跟其讲不回家吃饭了，其儿子下班后回家了，回家后就再没有出门。2、证人出租车司机，在2015年3月7日凌晨，在外环往浦东机场匝道口有一辆深色的轿车，在车辆边上，车旁就一个人好像没其他人，不像喝过酒的样子。3、道路交通事故现场图及照片、事故现场勘查笔录、当事人血样提取登记表、物损评估意见书、司法鉴定科学技术研究所司法鉴定中心检验报告书，证实车辆事故现场情况、车辆物损情况及被告人王某某血液中乙醇含量为1．69毫克／毫升。\n',0),(2,3,NULL,'1、查获经过及案发经过，证实在2015年3月7日3时许，在罗山路进外环高速往浦东机场方向的匝道上一辆沪ARXXXX荣威轿车发生单车事故，王某某称车辆由其儿子王永磊出门驾驶。2、证人沈某某的证言，证实2015年3月6日晚，其召集了老同事王某某等人一起在新友饭店吃饭，王某某喝了酒，大约到晚上10时30分许结束，当天其和王某某一起离开了新友饭店，当天吃饭期间，讲到谁喝酒，谁就不要开车，当时王某某讲已安排好了。3、证人浦某某的证言，证实2015年3月6日晚上10时左右，其在新友饭店参加朋友沈某某的聚餐，沈某某讲喝了酒不要开车叫代驾，王某某讲已安排好人开车了，后来其也看到王某某好像朝车库走，后面好像跟了一个人。',1);
/*!40000 ALTER TABLE `EVIDENCE_DOCUMENT` ENABLE KEYS */;
UNLOCK TABLES;

--
-- Table structure for table `EVIDENCE_HEAD`
--

DROP TABLE IF EXISTS `EVIDENCE_HEAD`;
/*!40101 SET @saved_cs_client     = @@character_set_client */;
/*!40101 SET character_set_client = utf8 */;
CREATE TABLE `EVIDENCE_HEAD` (
  `id` int(11) NOT NULL AUTO_INCREMENT,
  `body_id` int(11) DEFAULT NULL,
  `ajxh` int(11) DEFAULT NULL,
  `document_id` int(11) DEFAULT NULL,
  `head` varchar(255) DEFAULT NULL,
  `keyText` varchar(255) DEFAULT NULL,
  `name` varchar(255) DEFAULT NULL,
  `x` int(11) NOT NULL,
  `y` int(11) NOT NULL,
  `logicNodeId` int(11) NOT NULL,
  PRIMARY KEY (`id`)
) ENGINE=InnoDB AUTO_INCREMENT=1736 DEFAULT CHARSET=utf8;
/*!40101 SET character_set_client = @saved_cs_client */;

--
-- Dumping data for table `EVIDENCE_HEAD`
--

LOCK TABLES `EVIDENCE_HEAD` WRITE;
/*!40000 ALTER TABLE `EVIDENCE_HEAD` DISABLE KEYS */;
INSERT INTO `EVIDENCE_HEAD` VALUES (1693,499,3,1,'吴秀春',NULL,NULL,-1,-1,1977),(1694,499,3,1,'王某某',NULL,NULL,-1,-1,1979),(1695,502,3,2,'2015年3月7日3时',NULL,NULL,-1,-1,1978),(1696,499,3,1,'儿子',NULL,NULL,-1,-1,1981),(1697,502,3,2,'王某某',NULL,NULL,-1,-1,1980),(1698,502,3,2,'儿子',NULL,NULL,-1,-1,1982),(1699,499,3,1,'2015年3月7日',NULL,NULL,-1,-1,1983),(1700,502,3,2,'出门',NULL,NULL,-1,-1,1985),(1701,499,3,1,'没有出门',NULL,NULL,-1,-1,1984),(1702,502,3,2,'驾驶',NULL,NULL,-1,-1,1986),(1703,502,3,2,'荣威轿车',NULL,NULL,-1,-1,1987),(1714,504,3,2,'浦某某',NULL,NULL,-1,-1,1998),(1715,504,3,2,'2015年3月6日晚上10时左右',NULL,NULL,-1,-1,2000),(1716,503,3,2,'沈某某',NULL,NULL,-1,-1,1999),(1717,504,3,2,'王某某',NULL,NULL,-1,-1,2001),(1718,503,3,2,'王某某',NULL,NULL,-1,-1,2002),(1719,503,3,2,'新友饭店',NULL,NULL,-1,-1,2003),(1720,504,3,2,'新友饭店',NULL,NULL,-1,-1,2004),(1721,504,3,2,'沈某某',NULL,NULL,-1,-1,2005),(1722,503,3,2,'2015年3月6日晚10时30分',NULL,NULL,-1,-1,2006),(1723,503,3,2,'已安排好',NULL,NULL,-1,-1,2008),(1724,504,3,2,'后面跟人',NULL,NULL,-1,-1,2007),(1725,503,3,2,'喝了酒',NULL,NULL,-1,-1,2009),(1726,501,3,1,'检验报告书',NULL,NULL,-1,-1,2010),(1727,501,3,1,'王某某',NULL,NULL,-1,-1,2011),(1728,500,3,1,'出租车司机',NULL,NULL,-1,-1,2012),(1729,500,3,1,'2015年3月7日凌晨',NULL,NULL,-1,-1,2014),(1730,501,3,1,'1.69毫克/毫升',NULL,NULL,-1,-1,2013),(1731,500,3,1,'外环往浦东机场匝道口',NULL,NULL,-1,-1,2016),(1732,501,3,1,'血液乙醇含量',NULL,NULL,-1,-1,2015),(1733,500,3,1,'深色的轿车',NULL,NULL,-1,-1,2017),(1734,500,3,1,'一个人',NULL,NULL,-1,-1,2018),(1735,500,3,1,'不像喝过酒的样子',NULL,NULL,-1,-1,2019);
/*!40000 ALTER TABLE `EVIDENCE_HEAD` ENABLE KEYS */;
UNLOCK TABLES;

--
-- Table structure for table `MOD_ARROW`
--

DROP TABLE IF EXISTS `MOD_ARROW`;
/*!40101 SET @saved_cs_client     = @@character_set_client */;
/*!40101 SET character_set_client = utf8 */;
CREATE TABLE `MOD_ARROW` (
  `id` int(11) NOT NULL AUTO_INCREMENT,
  `caseID` int(11) NOT NULL,
  `content` varchar(255) DEFAULT NULL,
  `name` varchar(255) DEFAULT NULL,
  `headerId` int(11) DEFAULT NULL,
  `jointId` int(11) DEFAULT NULL,
  PRIMARY KEY (`id`)
) ENGINE=InnoDB DEFAULT CHARSET=utf8;
/*!40101 SET character_set_client = @saved_cs_client */;

--
-- Dumping data for table `MOD_ARROW`
--

LOCK TABLES `MOD_ARROW` WRITE;
/*!40000 ALTER TABLE `MOD_ARROW` DISABLE KEYS */;
/*!40000 ALTER TABLE `MOD_ARROW` ENABLE KEYS */;
UNLOCK TABLES;

--
-- Table structure for table `MOD_FACT`
--

DROP TABLE IF EXISTS `MOD_FACT`;
/*!40101 SET @saved_cs_client     = @@character_set_client */;
/*!40101 SET character_set_client = utf8 */;
CREATE TABLE `MOD_FACT` (
  `id` int(11) NOT NULL AUTO_INCREMENT,
  `caseID` int(11) NOT NULL,
  `confirm` int(11) NOT NULL,
  `content` varchar(255) DEFAULT NULL,
  `logicNodeID` int(11) NOT NULL,
  `name` varchar(255) DEFAULT NULL,
  `textID` int(11) NOT NULL,
  `x` int(11) NOT NULL,
  `y` int(11) NOT NULL,
  PRIMARY KEY (`id`)
) ENGINE=InnoDB AUTO_INCREMENT=213 DEFAULT CHARSET=utf8;
/*!40101 SET character_set_client = @saved_cs_client */;

--
-- Dumping data for table `MOD_FACT`
--

LOCK TABLES `MOD_FACT` WRITE;
/*!40000 ALTER TABLE `MOD_FACT` DISABLE KEYS */;
INSERT INTO `MOD_FACT` VALUES (142,2,1,'1、其是天津市塘沽卫生监督所科员，牵头负责一个小组的工作，负责杭州道、新河、北塘、坨地等地方有证、无证行医等工作的监督检查',339,NULL,2,-1,-1),(143,2,0,'2、天津市卫生局出具的参照公务员管理单位工作人员录用审批表、工作人员登记表、评定授予预备役军官军衔报告表.3、天津市塘沽卫生监督所出具的书证：包括检查笔录、立案报告、行政处罚决定书、现场照片、结案报告、案件移送书等，',340,NULL,2,-1,-1),(159,1,1,'1、内容与刘林森证言证实内容基本一致，能互相印证，其证言还证实了 2014年5月21曰、2014年6月间接群众举报对王燕非法行医的地点进行了查处，王燕因涉嫌非法行医被移送到了公安机关',814,NULL,1,-1,-1),(160,1,1,'2、其是从2012年开始行医的，在塘沽开办了一个叫天津市塘沽华仁中医药门诊部的个体诊所，诊所有执照，是合法经营',815,NULL,1,-1,-1),(161,1,1,'3、其开的诊所名称叫天津市滨海新区塘沽孟繁明中医诊所，刘谨钊是塘沽卫生监督所的监督员，负责对他的诊所进行监督检查',816,NULL,1,-1,-1),(210,3,1,'1、经审理查明，2015年3月6日晚，被告人王某某至新友饭店内聚餐喝了酒后，步入该大厦地下车库，驾驶沪ARXXXX荣威轿车驶离车库',2020,NULL,1,-1,-1),(211,3,1,'2、经鉴定，当日被告人王某某血液中乙醇含量为1.69毫克/毫升。',2021,NULL,1,-1,-1),(212,3,0,'3、3月7日3时许，被告人王某某要求他人帮助拨打110电话报警，后民警赶至现场而案发。',2022,NULL,1,-1,-1);
/*!40000 ALTER TABLE `MOD_FACT` ENABLE KEYS */;
UNLOCK TABLES;

--
-- Table structure for table `MOD_FACT_DOC`
--

DROP TABLE IF EXISTS `MOD_FACT_DOC`;
/*!40101 SET @saved_cs_client     = @@character_set_client */;
/*!40101 SET character_set_client = utf8 */;
CREATE TABLE `MOD_FACT_DOC` (
  `id` int(11) NOT NULL AUTO_INCREMENT,
  `caseID` int(11) NOT NULL,
  `text` text,
  PRIMARY KEY (`id`)
) ENGINE=InnoDB AUTO_INCREMENT=2 DEFAULT CHARSET=utf8;
/*!40101 SET character_set_client = @saved_cs_client */;

--
-- Dumping data for table `MOD_FACT_DOC`
--

LOCK TABLES `MOD_FACT_DOC` WRITE;
/*!40000 ALTER TABLE `MOD_FACT_DOC` DISABLE KEYS */;
INSERT INTO `MOD_FACT_DOC` VALUES (1,3,'1、经审理查明，2015年3月6日晚，被告人王某某至新友饭店内聚餐喝了酒后，步入该大厦地下车库，驾驶沪ARXXXX荣威轿车驶离车库。2、经鉴定，当日被告人王某某血液中乙醇含量为1.69毫克/毫升。 3、3月7日3时许，被告人王某某要求他人帮助拨打110电话报警，后民警赶至现场而案发。');
/*!40000 ALTER TABLE `MOD_FACT_DOC` ENABLE KEYS */;
UNLOCK TABLES;

--
-- Table structure for table `MOD_JOINT`
--

DROP TABLE IF EXISTS `MOD_JOINT`;
/*!40101 SET @saved_cs_client     = @@character_set_client */;
/*!40101 SET character_set_client = utf8 */;
CREATE TABLE `MOD_JOINT` (
  `id` int(11) NOT NULL AUTO_INCREMENT,
  `caseID` int(11) NOT NULL,
  `content` varchar(255) DEFAULT NULL,
  `factID` int(11) NOT NULL,
  `name` varchar(255) DEFAULT NULL,
  `x` int(11) NOT NULL,
  `y` int(11) NOT NULL,
  `logicNodeId` int(11) NOT NULL,
  PRIMARY KEY (`id`)
) ENGINE=InnoDB AUTO_INCREMENT=293 DEFAULT CHARSET=utf8;
/*!40101 SET character_set_client = @saved_cs_client */;

--
-- Dumping data for table `MOD_JOINT`
--

LOCK TABLES `MOD_JOINT` WRITE;
/*!40000 ALTER TABLE `MOD_JOINT` DISABLE KEYS */;
INSERT INTO `MOD_JOINT` VALUES (94,2,'张某',143,NULL,-1,-1,341),(95,2,'李某',143,NULL,-1,-1,342),(96,2,'凌晨',143,NULL,-1,-1,343),(97,2,'张某',142,NULL,-1,-1,344),(98,2,'李某',142,NULL,-1,-1,345),(99,2,'凌晨',142,NULL,-1,-1,346),(281,3,'2015年3月6日晚',210,NULL,-1,-1,2023),(282,3,'王某某',210,NULL,-1,-1,2024),(283,3,'新友饭店',210,NULL,-1,-1,2025),(284,3,'荣威轿车',210,NULL,-1,-1,2026),(285,3,'喝酒',210,NULL,-1,-1,2027),(286,3,'王某某',211,NULL,-1,-1,2028),(287,3,'血液乙醇含量',211,NULL,-1,-1,2029),(288,3,'1.69毫克/毫升',211,NULL,-1,-1,2030),(289,3,'3月7日3时',212,NULL,-1,-1,2031),(290,3,'王某某',212,NULL,-1,-1,2032),(291,3,'他人帮助',212,NULL,-1,-1,2033),(292,3,'民警',212,NULL,-1,-1,2034);
/*!40000 ALTER TABLE `MOD_JOINT` ENABLE KEYS */;
UNLOCK TABLES;

--
-- Table structure for table `MOD_LAW`
--

DROP TABLE IF EXISTS `MOD_LAW`;
/*!40101 SET @saved_cs_client     = @@character_set_client */;
/*!40101 SET character_set_client = utf8 */;
CREATE TABLE `MOD_LAW` (
  `id` int(11) NOT NULL AUTO_INCREMENT,
  `caseID` int(11) NOT NULL,
  `content` varchar(255) DEFAULT NULL,
  `factId` int(11) NOT NULL,
  `logicNodeID` int(11) NOT NULL,
  `name` varchar(255) DEFAULT NULL,
  `x` int(11) NOT NULL,
  `y` int(11) NOT NULL,
  PRIMARY KEY (`id`)
) ENGINE=InnoDB AUTO_INCREMENT=12 DEFAULT CHARSET=utf8;
/*!40101 SET character_set_client = @saved_cs_client */;

--
-- Dumping data for table `MOD_LAW`
--

LOCK TABLES `MOD_LAW` WRITE;
/*!40000 ALTER TABLE `MOD_LAW` DISABLE KEYS */;
INSERT INTO `MOD_LAW` VALUES (10,3,'在道路上驾驶机动车追逐竞驶，情节恶劣的，或者在道路上醉酒驾驶机动车的，处拘役，并处罚金。',210,2035,'《刑法》第一百三十三条之一 ',-1,-1),(11,3,'饮酒后驾驶机动车的，处暂扣六个月机动车驾驶证，并处一千元以上二千元以下罚款。因饮酒后驾驶机动车被处罚，再次饮酒后驾驶机动车的，处十日以下拘留，并处一千元以上二千元以下罚款，吊销机动车驾驶证。',211,2037,'道路交通安全法第九十一条 ',-1,-1);
/*!40000 ALTER TABLE `MOD_LAW` ENABLE KEYS */;
UNLOCK TABLES;

--
-- Table structure for table `MOD_RESULT`
--

DROP TABLE IF EXISTS `MOD_RESULT`;
/*!40101 SET @saved_cs_client     = @@character_set_client */;
/*!40101 SET character_set_client = utf8 */;
CREATE TABLE `MOD_RESULT` (
  `id` int(11) NOT NULL AUTO_INCREMENT,
  `caseID` int(11) NOT NULL,
  `content` varchar(255) DEFAULT NULL,
  `lawId` int(11) NOT NULL,
  `logicNodeID` int(11) NOT NULL,
  `name` varchar(255) DEFAULT NULL,
  `x` int(11) NOT NULL,
  `y` int(11) NOT NULL,
  PRIMARY KEY (`id`)
) ENGINE=InnoDB AUTO_INCREMENT=11 DEFAULT CHARSET=utf8;
/*!40101 SET character_set_client = @saved_cs_client */;

--
-- Dumping data for table `MOD_RESULT`
--

LOCK TABLES `MOD_RESULT` WRITE;
/*!40000 ALTER TABLE `MOD_RESULT` DISABLE KEYS */;
INSERT INTO `MOD_RESULT` VALUES (9,3,'根据事实——在道路上驾驶机动车追逐竞驶，情节恶劣的，或者在道路上醉酒驾驶机动车的，处拘役，并处罚金。，依据《刑法》第一百三十三条之一 所述：在道路上驾驶机动车追逐竞驶，情节恶劣的，或者在道路上醉酒驾驶机动车的，处拘役，并处罚金。作出判决',10,2036,NULL,-1,-1),(10,3,'根据事实——饮酒后驾驶机动车的，处暂扣六个月机动车驾驶证，并处一千元以上二千元以下罚款。因饮酒后驾驶机动车被处罚，再次饮酒后驾驶机动车的，处十日以下拘留，并处一千元以上二千元以下罚款，吊销机动车驾驶证。，依据道路交通安全法第九十一条 所述：饮酒后驾驶机动车的，处暂扣六个月机动车驾驶证，并处一千元以上二千元以下罚款。因饮酒后驾驶机动车被处罚，再次饮酒后驾驶机动车的，处十日以下拘留，并处一千元以上二千元以下罚款，吊销机动车驾驶证。作出判决',11,2038,NULL,-1,-1);
/*!40000 ALTER TABLE `MOD_RESULT` ENABLE KEYS */;
UNLOCK TABLES;

--
-- Table structure for table `MOD_Sketch`
--

DROP TABLE IF EXISTS `MOD_Sketch`;
/*!40101 SET @saved_cs_client     = @@character_set_client */;
/*!40101 SET character_set_client = utf8 */;
CREATE TABLE `MOD_Sketch` (
  `id` int(11) NOT NULL AUTO_INCREMENT,
  `bodyID` int(11) DEFAULT NULL,
  `caseID` int(11) DEFAULT NULL,
  `factID` int(11) DEFAULT NULL,
  PRIMARY KEY (`id`)
) ENGINE=InnoDB DEFAULT CHARSET=utf8;
/*!40101 SET character_set_client = @saved_cs_client */;

--
-- Dumping data for table `MOD_Sketch`
--

LOCK TABLES `MOD_Sketch` WRITE;
/*!40000 ALTER TABLE `MOD_Sketch` DISABLE KEYS */;
/*!40000 ALTER TABLE `MOD_Sketch` ENABLE KEYS */;
UNLOCK TABLES;

--
-- Table structure for table `PUB_AJ_JB`
--

DROP TABLE IF EXISTS `PUB_AJ_JB`;
/*!40101 SET @saved_cs_client     = @@character_set_client */;
/*!40101 SET character_set_client = utf8 */;
CREATE TABLE `PUB_AJ_JB` (
  `AJXH` int(11) NOT NULL,
  `AH` varchar(255) DEFAULT NULL,
  `JARQ` datetime DEFAULT NULL,
  `LARQ` datetime DEFAULT NULL,
  `AJMC` varchar(255) DEFAULT NULL,
  `AJXZ` varchar(255) DEFAULT NULL,
  PRIMARY KEY (`AJXH`)
) ENGINE=InnoDB DEFAULT CHARSET=utf8;
/*!40101 SET character_set_client = @saved_cs_client */;

--
-- Dumping data for table `PUB_AJ_JB`
--

LOCK TABLES `PUB_AJ_JB` WRITE;
/*!40000 ALTER TABLE `PUB_AJ_JB` DISABLE KEYS */;
INSERT INTO `PUB_AJ_JB` VALUES (1,'（2015）确刑初字第00416号','2021-11-12 00:00:00','2017-11-12 00:00:00','交通肇事罪','交通肇事罪'),(2,'（2015）历城刑初字第152号','2021-12-21 00:00:00','2017-12-21 00:00:00','交通肇事罪','交通肇事罪'),(3,'（2015）泰兴刑初字第57号','2021-12-21 00:00:00','2017-12-21 00:00:00','故意谋杀罪','故意谋杀罪');
/*!40000 ALTER TABLE `PUB_AJ_JB` ENABLE KEYS */;
UNLOCK TABLES;

--
-- Table structure for table `PUB_SPRY`
--

DROP TABLE IF EXISTS `PUB_SPRY`;
/*!40101 SET @saved_cs_client     = @@character_set_client */;
/*!40101 SET character_set_client = utf8 */;
CREATE TABLE `PUB_SPRY` (
  `AJXH` varchar(255) NOT NULL,
  `SPRYBH` varchar(255) NOT NULL,
  `FG` varchar(255) DEFAULT NULL,
  `SFCBR` varchar(255) DEFAULT NULL,
  `XM` varchar(255) DEFAULT NULL,
  PRIMARY KEY (`AJXH`,`SPRYBH`)
) ENGINE=InnoDB DEFAULT CHARSET=utf8;
/*!40101 SET character_set_client = @saved_cs_client */;

--
-- Dumping data for table `PUB_SPRY`
--

LOCK TABLES `PUB_SPRY` WRITE;
/*!40000 ALTER TABLE `PUB_SPRY` DISABLE KEYS */;
INSERT INTO `PUB_SPRY` VALUES ('1','1','0','Y','sss'),('2','1','0','Y','s\'s\'s'),('2','2','0','Y','sss'),('3','3','0','Y','sss');
/*!40000 ALTER TABLE `PUB_SPRY` ENABLE KEYS */;
UNLOCK TABLES;

--
-- Table structure for table `PUB_XTGL_YHB`
--

DROP TABLE IF EXISTS `PUB_XTGL_YHB`;
/*!40101 SET @saved_cs_client     = @@character_set_client */;
/*!40101 SET character_set_client = utf8 */;
CREATE TABLE `PUB_XTGL_YHB` (
  `YHBH` varchar(255) NOT NULL,
  `YHDM` varchar(255) DEFAULT NULL,
  `YHKL` varchar(255) DEFAULT NULL,
  `YHMC` varchar(255) DEFAULT NULL,
  `YHSF` varchar(255) DEFAULT NULL,
  PRIMARY KEY (`YHBH`)
) ENGINE=InnoDB DEFAULT CHARSET=utf8;
/*!40101 SET character_set_client = @saved_cs_client */;

--
-- Dumping data for table `PUB_XTGL_YHB`
--

LOCK TABLES `PUB_XTGL_YHB` WRITE;
/*!40000 ALTER TABLE `PUB_XTGL_YHB` DISABLE KEYS */;
INSERT INTO `PUB_XTGL_YHB` VALUES ('1','sss','sss','王法官',NULL);
/*!40000 ALTER TABLE `PUB_XTGL_YHB` ENABLE KEYS */;
UNLOCK TABLES;

--
-- Table structure for table `TEXT`
--

DROP TABLE IF EXISTS `TEXT`;
/*!40101 SET @saved_cs_client     = @@character_set_client */;
/*!40101 SET character_set_client = utf8 */;
CREATE TABLE `TEXT` (
  `id` int(11) NOT NULL AUTO_INCREMENT,
  `cid` int(11) DEFAULT NULL,
  `evidence` varchar(255) DEFAULT NULL,
  `fact` varchar(255) DEFAULT NULL,
  `result` varchar(255) DEFAULT NULL,
  PRIMARY KEY (`id`)
) ENGINE=InnoDB DEFAULT CHARSET=utf8;
/*!40101 SET character_set_client = @saved_cs_client */;

--
-- Dumping data for table `TEXT`
--

LOCK TABLES `TEXT` WRITE;
/*!40000 ALTER TABLE `TEXT` DISABLE KEYS */;
/*!40000 ALTER TABLE `TEXT` ENABLE KEYS */;
UNLOCK TABLES;

--
-- Table structure for table `evidence_evidence_link`
--

DROP TABLE IF EXISTS `evidence_evidence_link`;
/*!40101 SET @saved_cs_client     = @@character_set_client */;
/*!40101 SET character_set_client = utf8 */;
CREATE TABLE `evidence_evidence_link` (
  `id` int(11) NOT NULL AUTO_INCREMENT,
  `caseID` int(11) NOT NULL,
  `evidenceId1` int(11) NOT NULL,
  `evidenceId2` int(11) NOT NULL,
  PRIMARY KEY (`id`)
) ENGINE=InnoDB DEFAULT CHARSET=utf8;
/*!40101 SET character_set_client = @saved_cs_client */;

--
-- Dumping data for table `evidence_evidence_link`
--

LOCK TABLES `evidence_evidence_link` WRITE;
/*!40000 ALTER TABLE `evidence_evidence_link` DISABLE KEYS */;
/*!40000 ALTER TABLE `evidence_evidence_link` ENABLE KEYS */;
UNLOCK TABLES;

--
-- Table structure for table `evidence_fact_link`
--

DROP TABLE IF EXISTS `evidence_fact_link`;
/*!40101 SET @saved_cs_client     = @@character_set_client */;
/*!40101 SET character_set_client = utf8 */;
CREATE TABLE `evidence_fact_link` (
  `id` int(11) NOT NULL AUTO_INCREMENT,
  `caseID` int(11) NOT NULL,
  `copyEviID` int(11) NOT NULL,
  `factID` int(11) NOT NULL,
  `initEviID` int(11) NOT NULL,
  PRIMARY KEY (`id`)
) ENGINE=InnoDB AUTO_INCREMENT=442 DEFAULT CHARSET=utf8;
/*!40101 SET character_set_client = @saved_cs_client */;

--
-- Dumping data for table `evidence_fact_link`
--

LOCK TABLES `evidence_fact_link` WRITE;
/*!40000 ALTER TABLE `evidence_fact_link` DISABLE KEYS */;
INSERT INTO `evidence_fact_link` VALUES (427,3,0,210,504),(428,3,0,210,503),(429,3,0,210,499),(430,3,0,210,502),(431,3,0,210,501),(432,3,0,211,499),(433,3,0,211,502),(434,3,0,211,504),(435,3,0,211,503),(436,3,0,211,501),(437,3,0,212,502),(438,3,0,212,499),(439,3,0,212,504),(440,3,0,212,503),(441,3,0,212,501);
/*!40000 ALTER TABLE `evidence_fact_link` ENABLE KEYS */;
UNLOCK TABLES;

--
-- Table structure for table `logic_node`
--

DROP TABLE IF EXISTS `logic_node`;
/*!40101 SET @saved_cs_client     = @@character_set_client */;
/*!40101 SET character_set_client = utf8 */;
CREATE TABLE `logic_node` (
  `id` int(11) NOT NULL AUTO_INCREMENT,
  `caseID` int(11) NOT NULL,
  `detail` varchar(255) DEFAULT NULL,
  `nodeID` int(11) NOT NULL,
  `parentNodeID` int(11) NOT NULL,
  `topic` varchar(255) DEFAULT NULL,
  `type` int(11) NOT NULL,
  `x` int(11) NOT NULL,
  `y` int(11) NOT NULL,
  PRIMARY KEY (`id`)
) ENGINE=InnoDB AUTO_INCREMENT=2039 DEFAULT CHARSET=utf8;
/*!40101 SET character_set_client = @saved_cs_client */;

--
-- Dumping data for table `logic_node`
--

LOCK TABLES `logic_node` WRITE;
/*!40000 ALTER TABLE `logic_node` DISABLE KEYS */;
INSERT INTO `logic_node` VALUES (98,1,'现场勘查笔录、现场图及照片证实，本案案发现场位于G80广昆高速公路上行线755KM＋170M等情况。 ',13,-1,'证据5',0,80,650),(99,1,'肇事车辆及死者、伤者照片证实，事故造成贵E×××××号重型仓栅式货车及粤B×××××号小型轿车不同程度损坏，粤B×××××号小型轿车车上乘员杨某甲、覃某当场死亡，乘员杨某乙、陈某乙受伤的情况。',14,-1,'证据6',0,80,700),(101,1,'现场勘查笔录、现场图及照片证实，本案案发现场位于G80广昆高速公路上行线755KM＋170M等情况。 ',16,-1,'证据7',0,80,800),(113,1,'现场勘查笔录、现场图及照片证实，本案案发现场位于G80广昆高速公路上行线755KM＋170M等情况。 ',18,-1,'证据8',0,80,900),(128,1,'证据新增',22,-1,'证据11',0,80,1100),(171,1,'',32,-1,'证据12',0,80,1600),(188,1,'现场勘查笔录、现场图及照片证实，本案案发现场位于G80广昆高速公路上行线755KM＋170M等情况。 ',46,-1,'证据11',0,80,2300),(191,1,'现场勘查笔录、现场图及照片证实，本案案发现场位于G80广昆高速公路上行线755KM＋170M等情况。 ',48,-1,'证据12',0,80,2400),(194,1,'现场勘查笔录、现场图及照片证实，本案案发现场位于G80广昆高速公路上行线755KM＋170M等情况。 ',50,-1,'证据13',0,80,2500),(197,1,'现场勘查笔录、现场图及照片证实，本案案发现场位于G80广昆高速公路上行线755KM＋170M等情况。 ',52,-1,'证据14',0,80,2600),(200,1,'现场勘查笔录、现场图及照片证实，本案案发现场位于G80广昆高速公路上行线755KM＋170M等情况。 ',54,-1,'证据15',0,80,2700),(209,1,'现场勘查笔录、现场图及照片证实，本案案发现场位于G80广昆高速公路上行线755KM＋170M等情况。 ',56,-1,'证据16',0,80,2800),(215,1,'现场勘查笔录、现场图及照片证实，本案案发现场位于G80广昆高速公路上行线755KM＋170M等情况。 ',58,-1,'证据17',0,80,2900),(218,1,'现场勘查笔录、现场图及照片证实，本案案发现场位于G80广昆高速公路上行线755KM＋170M等情况。 ',60,-1,'证据18',0,80,3000),(221,1,'现场勘查笔录、现场图及照片证实，本案案发现场位于G80广昆高速公路上行线755KM＋170M等情况。 ',62,-1,'证据19',0,80,3100),(222,1,'肇事车辆及死者、伤者照片证实，事故造成贵E×××××号重型仓栅式货车及粤B×××××号小型轿车不同程度损坏，粤B×××××号小型轿车车上乘员杨某甲、覃某当场死亡，乘员杨某乙、陈某乙受伤的情况。\n',63,-1,'证据20',0,80,3150),(224,1,'现场勘查笔录、现场图及照片证实，本案案发现场位于G80广昆高速公路上行线755KM＋170M等情况。 ',65,-1,'证据21',0,80,3250),(227,1,'现场勘查笔录、现场图及照片证实，本案案发现场位于G80广昆高速公路上行线755KM＋170M等情况。 ',67,-1,'证据22',0,80,3350),(233,1,'现场勘查笔录、现场图及照片证实，本案案发现场位于G80广昆高速公路上行线755KM＋170M等情况。 ',69,-1,'证据23',0,80,3450),(236,1,'现场勘查笔录、现场图及照片证实，本案案发现场位于G80广昆高速公路上行线755KM＋170M等情况。 ',71,-1,'证据24',0,80,3550),(245,1,'现场勘查笔录、现场图及照片证实，本案案发现场位于G80广昆高速公路上行线755KM＋170M等情况。 ',73,-1,'证据25',0,80,3650),(248,1,'现场勘查笔录、现场图及照片证实，本案案发现场位于G80广昆高速公路上行线755KM＋170M等情况。 ',75,-1,'证据26',0,80,3750),(251,1,'现场勘查笔录、现场图及照片证实，本案案发现场位于G80广昆高速公路上行线755KM＋170M等情况。 ',77,-1,'证据27',0,80,3850),(254,1,'现场勘查笔录、现场图及照片证实，本案案发现场位于G80广昆高速公路上行线755KM＋170M等情况。 ',79,-1,'证据28',0,80,3950),(257,1,'现场勘查笔录、现场图及照片证实，本案案发现场位于G80广昆高速公路上行线755KM＋170M等情况。 ',81,-1,'证据29',0,80,4050),(265,1,'2012年12月24日塘沽卫生监督所刘谨钊等人，给其送达了行政处罚决定书，内容是两项，第一是没收先行保存的药品、器械，并处以五千元的罚款，第二是改正违法行为。',82,-1,'证据29',0,80,4100),(266,1,'后来通过刘宏找了一个卫生所姓刘的，那人负责医疗卫生检查，每次都是他带人来查，王燕请他吃了饭并先后一共给了4000元钱，目的是为了不交罚款或少交罚款。',83,-1,'证据30',0,80,4150),(267,1,'2012年冬天的一天，王燕给其打电话说塘沽卫生所负责检查非法行医的刘谨钊查到他们诊所了',84,-1,'证据31',0,80,4200),(268,1,'内容与刘林森证言证实内容基本一致，能互相印证，其证言还证实了 2014年5月21曰、2014年6月间接群众举报对王燕非法行医的地点进行了查处，王燕因涉嫌非法行医被移送到了公安机关。',85,-1,'证据29',0,80,4250),(269,1,'其是从2012年开始行医的，在塘沽开办了一个叫天津市塘沽华仁中医药门诊部的个体诊所，诊所有执照，是合法经营。',86,-1,'证据30',0,80,4300),(270,1,'其开的诊所名称叫天津市滨海新区塘沽孟繁明中医诊所，刘谨钊是塘沽卫生监督所的监督员，负责对他的诊所进行监督检查。',87,-1,'证据31',0,80,4350),(279,2,'张某',7,-1,'链头1',4,80,350),(280,2,'李某',8,-1,'链头2',4,80,400),(281,2,'凌晨',9,-1,'链头3',4,80,450),(282,2,'张某',10,-1,'链头4',4,80,500),(283,2,'李某',11,-1,'链头5',4,80,550),(284,2,'凌晨',12,-1,'链头6',4,80,600),(285,2,'张某',13,-1,'链头7',4,80,650),(286,2,'李某',14,-1,'链头8',4,80,700),(287,2,'凌晨',15,-1,'链头9',4,80,750),(288,2,'张某',16,-1,'链头10',4,80,800),(289,2,'李某',17,-1,'链头11',4,80,850),(290,2,'凌晨',18,-1,'链头12',4,80,900),(291,2,'张某',19,-1,'链头13',4,80,950),(292,2,'李某',20,-1,'链头14',4,80,1000),(293,2,'凌晨',21,-1,'链头15',4,80,1050),(294,2,'张某',22,-1,'链头16',4,80,1100),(295,2,'李某',23,-1,'链头17',4,80,1150),(296,2,'凌晨',24,-1,'链头18',4,80,1200),(303,2,'张某',31,-1,'链头19',4,80,1550),(304,2,'李某',32,-1,'链头20',4,80,1600),(305,2,'凌晨',33,-1,'链头21',4,80,1650),(306,2,'张某',34,-1,'链头22',4,80,1700),(307,2,'李某',35,-1,'链头23',4,80,1750),(308,2,'凌晨',36,-1,'链头24',4,80,1800),(309,2,'张某',37,-1,'链头25',4,80,1850),(310,2,'李某',38,-1,'链头26',4,80,1900),(311,2,'凌晨',39,-1,'链头27',4,80,1950),(312,2,'张某',40,-1,'链头28',4,80,2000),(313,2,'李某',41,-1,'链头29',4,80,2050),(314,2,'凌晨',42,-1,'链头30',4,80,2100),(315,2,'张某',43,-1,'链头31',4,80,2150),(316,2,'李某',44,-1,'链头32',4,80,2200),(317,2,'凌晨',45,-1,'链头33',4,80,2250),(318,2,'张某',46,-1,'链头34',4,80,2300),(319,2,'李某',47,-1,'链头35',4,80,2350),(320,2,'凌晨',48,-1,'链头36',4,80,2400),(321,2,'张某',49,-1,'链头37',4,80,2450),(322,2,'张某',49,-1,'链头37',4,80,2450),(323,2,'张某',49,-1,'链头37',4,80,2450),(324,2,'张某',50,-1,'链头40',4,80,2500),(325,2,'李某',50,-1,'链头40',4,80,2500),(326,2,'李某',50,-1,'链头40',4,80,2500),(327,2,'李某',50,-1,'链头40',4,80,2500),(328,2,'李某',51,-1,'链头44',4,80,2550),(329,2,'凌晨',51,-1,'链头44',4,80,2550),(330,2,'凌晨',51,-1,'链头44',4,80,2550),(331,2,'凌晨',51,-1,'链头44',4,80,2550),(332,2,'凌晨',52,-1,'链头48',4,80,2600),(333,2,'张某',53,-1,'链头49',4,80,2650),(334,2,'张某',53,-1,'链头49',4,80,2650),(335,2,'李某',54,-1,'链头51',4,80,2700),(336,2,'李某',54,-1,'链头51',4,80,2700),(337,2,'凌晨',55,-1,'链头53',4,80,2750),(338,2,'凌晨',55,-1,'链头53',4,80,2750),(339,2,'1、其是天津市塘沽卫生监督所科员，牵头负责一个小组的工作，负责杭州道、新河、北塘、坨地等地方有证、无证行医等工作的监督检查',56,-1,'事实1',1,80,2800),(340,2,'2、天津市卫生局出具的参照公务员管理单位工作人员录用审批表、工作人员登记表、评定授予预备役军官军衔报告表.3、天津市塘沽卫生监督所出具的书证：包括检查笔录、立案报告、行政处罚决定书、现场照片、结案报告、案件移送书等，',57,-1,'事实2',1,80,2850),(341,2,'张某',58,-1,'联结点1',5,80,2900),(342,2,'李某',59,-1,'联结点2',5,80,2950),(343,2,'凌晨',60,-1,'联结点3',5,80,3000),(344,2,'张某',61,-1,'联结点4',5,80,3050),(345,2,'李某',62,-1,'联结点5',5,80,3100),(346,2,'凌晨',63,-1,'联结点6',5,80,3150),(347,3,'2012年12月24日塘沽卫生监督所刘谨钊等人，给其送达了行政处罚决定书，内容是两项，第一是没收先行保存的药品、器械，并处以五千元的罚款，第二是改正违法行为。',1,-1,'证据1',0,80,50),(348,3,'后来通过刘宏找了一个卫生所姓刘的，那人负责医疗卫生检查，每次都是他带人来查，王燕请他吃了饭并先后一共给了4000元钱，目的是为了不交罚款或少交罚款。',2,-1,'证据2',0,80,100),(349,3,'2012年冬天的一天，王燕给其打电话说塘沽卫生所负责检查非法行医的刘谨钊查到他们诊所了\n',3,-1,'证据3',0,80,150),(350,3,'内容与刘林森证言证实内容基本一致，能互相印证，其证言还证实了 2014年5月21曰、2014年6月间接群众举报对王燕非法行医的地点进行了查处，王燕因涉嫌非法行医被移送到了公安机关。',4,-1,'证据4',0,80,200),(351,3,'其是从2012年开始行医的，在塘沽开办了一个叫天津市塘沽华仁中医药门诊部的个体诊所，诊所有执照，是合法经营。',5,-1,'证据5',0,80,250),(352,3,'其开的诊所名称叫天津市滨海新区塘沽孟繁明中医诊所，刘谨钊是塘沽卫生监督所的监督员，负责对他的诊所进行监督检查',6,-1,'证据6',0,80,300),(353,3,'张某',7,-1,'链头1',4,80,350),(354,3,'12',8,-1,'链头2',4,80,400),(355,3,'年1',9,-1,'链头3',4,80,450),(356,3,'张某',10,-1,'链头4',4,80,500),(357,3,'通过',11,-1,'链头5',4,80,550),(358,3,'刘宏',12,-1,'链头6',4,80,600),(359,3,'张某',13,-1,'链头7',4,80,650),(360,3,'12',14,-1,'链头8',4,80,700),(361,3,'年冬',15,-1,'链头9',4,80,750),(362,3,'张某',16,-1,'链头10',4,80,800),(363,3,'与刘',17,-1,'链头11',4,80,850),(364,3,'林森',18,-1,'链头12',4,80,900),(365,3,'张某',19,-1,'链头13',4,80,950),(366,3,'从2',20,-1,'链头14',4,80,1000),(367,3,'01',21,-1,'链头15',4,80,1050),(368,3,'张某',22,-1,'链头16',4,80,1100),(369,3,'的诊',23,-1,'链头17',4,80,1150),(370,3,'所名',24,-1,'链头18',4,80,1200),(371,3,'张某',25,-1,'链头19',4,80,1250),(372,3,'张某',25,-1,'链头19',4,80,1250),(373,3,'张某',25,-1,'链头19',4,80,1250),(374,3,'12',26,-1,'链头22',4,80,1300),(375,3,'张某',26,-1,'链头22',4,80,1300),(376,3,'12',26,-1,'链头22',4,80,1300),(377,3,'通过',26,-1,'链头22',4,80,1300),(378,3,'年1',27,-1,'链头26',4,80,1350),(379,3,'与刘',27,-1,'链头26',4,80,1350),(380,3,'年冬',27,-1,'链头26',4,80,1350),(381,3,'刘宏',27,-1,'链头26',4,80,1350),(382,3,'林森',28,-1,'链头30',4,80,1400),(383,3,'张某',29,-1,'链头31',4,80,1450),(384,3,'张某',29,-1,'链头31',4,80,1450),(385,3,'从2',30,-1,'链头33',4,80,1500),(386,3,'的诊',30,-1,'链头33',4,80,1500),(387,3,'01',31,-1,'链头35',4,80,1550),(388,3,'所名',31,-1,'链头35',4,80,1550),(391,3,'张某',34,-1,'联结点1',5,80,1700),(392,3,'天津',35,-1,'联结点2',5,80,1750),(393,3,'市卫',36,-1,'联结点3',5,80,1800),(394,3,'张某',37,-1,'联结点4',5,80,1850),(395,3,'其是',38,-1,'联结点5',5,80,1900),(396,3,'天津',39,-1,'联结点6',5,80,1950),(400,1,'张某',93,-1,'链头1',4,80,4650),(401,1,'12',94,-1,'链头2',4,80,4700),(402,1,'年1',95,-1,'链头3',4,80,4750),(403,1,'张某',96,-1,'链头4',4,80,4800),(404,1,'张某',96,-1,'链头4',4,80,4800),(405,1,'12',97,-1,'链头6',4,80,4850),(406,1,'通过',97,-1,'链头6',4,80,4850),(407,1,'年冬',98,-1,'链头8',4,80,4900),(408,1,'刘宏',98,-1,'链头8',4,80,4900),(409,1,'张某',99,-1,'链头10',4,80,4950),(410,1,'12',100,-1,'链头11',4,80,5000),(411,1,'年1',101,-1,'链头12',4,80,5050),(412,1,'张某',102,-1,'链头13',4,80,5100),(413,1,'张某',102,-1,'链头13',4,80,5100),(414,1,'12',103,-1,'链头15',4,80,5150),(415,1,'通过',103,-1,'链头15',4,80,5150),(416,1,'年冬',104,-1,'链头17',4,80,5200),(417,1,'刘宏',104,-1,'链头17',4,80,5200),(418,1,'张某',104,-1,'链头19',4,80,5200),(419,1,'12',105,-1,'链头20',4,80,5250),(420,1,'年1',106,-1,'链头21',4,80,5300),(421,1,'张某',107,-1,'链头22',4,80,5350),(422,1,'12',108,-1,'链头23',4,80,5400),(423,1,'年1',109,-1,'链头24',4,80,5450),(424,1,'张某',110,-1,'链头25',4,80,5500),(425,1,'12',111,-1,'链头26',4,80,5550),(426,1,'年1',112,-1,'链头27',4,80,5600),(427,1,'张某',113,-1,'链头28',4,80,5650),(428,1,'12',114,-1,'链头29',4,80,5700),(429,1,'年1',115,-1,'链头30',4,80,5750),(430,1,'张某',116,-1,'链头31',4,80,5800),(431,1,'12',117,-1,'链头32',4,80,5850),(432,1,'年1',118,-1,'链头33',4,80,5900),(433,3,'2012年12月24日塘沽卫生监督所刘谨钊等人，给其送达了行政处罚决定书，内容是两项，第一是没收先行保存的药品、器械，并处以五千元的罚款，第二是改正违法行为。',40,-1,'证据7',0,80,2000),(434,3,'后来通过刘宏找了一个卫生所姓刘的，那人负责医疗卫生检查，每次都是他带人来查，王燕请他吃了饭并先后一共给了4000元钱，目的是为了不交罚款或少交罚款。',41,-1,'证据8',0,80,2050),(435,3,'2012年冬天的一天，王燕给其打电话说塘沽卫生所负责检查非法行医的刘谨钊查到他们诊所了',42,-1,'证据9',0,80,2100),(436,3,'内容与刘林森证言证实内容基本一致，能互相印证，其证言还证实了 2014年5月21曰、2014年6月间接群众举报对王燕非法行医的地点进行了查处，王燕因涉嫌非法行医被移送到了公安机关。',43,-1,'证据10',0,80,2150),(437,3,'其是从2012年开始行医的，在塘沽开办了一个叫天津市塘沽华仁中医药门诊部的个体诊所，诊所有执照，是合法经营。',44,-1,'证据11',0,80,2200),(438,3,'其开的诊所名称叫天津市滨海新区塘沽孟繁明中医诊所，刘谨钊是塘沽卫生监督所的监督员，负责对他的诊所进行监督检查。',45,-1,'证据12',0,80,2250),(439,3,'张某',46,-1,'链头37',4,80,2300),(440,3,'张某',46,-1,'链头37',4,80,2300),(441,3,'12',47,-1,'链头39',4,80,2350),(442,3,'通过',47,-1,'链头39',4,80,2350),(443,3,'张某',48,-1,'链头41',4,80,2400),(444,3,'年冬',48,-1,'链头41',4,80,2400),(445,3,'刘宏',48,-1,'链头41',4,80,2400),(446,3,'12',49,-1,'链头44',4,80,2450),(447,3,'年1',50,-1,'链头45',4,80,2500),(448,3,'张某',50,-1,'链头45',4,80,2500),(449,3,'与刘',51,-1,'链头47',4,80,2550),(450,3,'林森',52,-1,'链头48',4,80,2600),(451,3,'内容与刘林森证言证实内容基本一致，能互相印证，其证言还证实了 2014年5月21曰、2014年6月间接群众举报对王燕非法行医的地点进行了查处，王燕因涉嫌非法行医被移送到了公安机关。',53,-1,'证据13',0,80,2650),(452,3,'其是从2012年开始行医的，在塘沽开办了一个叫天津市塘沽华仁中医药门诊部的个体诊所，诊所有执照，是合法经营。',54,-1,'证据14',0,80,2700),(453,3,'其开的诊所名称叫天津市滨海新区塘沽孟繁明中医诊所，刘谨钊是塘沽卫生监督所的监督员，负责对他的诊所进行监督检查。',55,-1,'证据15',0,80,2750),(454,3,'内容与刘林森证言证实内容基本一致，能互相印证，其证言还证实了 2014年5月21曰、2014年6月间接群众举报对王燕非法行医的地点进行了查处，王燕因涉嫌非法行医被移送到了公安机关。',56,-1,'证据16',0,80,2800),(455,3,'其是从2012年开始行医的，在塘沽开办了一个叫天津市塘沽华仁中医药门诊部的个体诊所，诊所有执照，是合法经营。',57,-1,'证据17',0,80,2850),(456,3,'其开的诊所名称叫天津市滨海新区塘沽孟繁明中医诊所，刘谨钊是塘沽卫生监督所的监督员，负责对他的诊所进行监督检查。',58,-1,'证据18',0,80,2900),(457,3,'张某',59,-1,'链头49',4,80,2950),(458,3,'张某',59,-1,'链头50',4,80,2950),(459,3,'张某',59,-1,'链头50',4,80,2950),(460,3,'与刘',60,-1,'链头52',4,80,3000),(461,3,'12',60,-1,'链头52',4,80,3000),(462,3,'张某',60,-1,'链头52',4,80,3000),(463,3,'通过',60,-1,'链头52',4,80,3000),(464,3,'林森',61,-1,'链头56',4,80,3050),(465,3,'年冬',61,-1,'链头56',4,80,3050),(466,3,'12',61,-1,'链头56',4,80,3050),(467,3,'刘宏',61,-1,'链头56',4,80,3050),(468,3,'年1',62,-1,'链头60',4,80,3100),(469,3,'2012年12月24日塘沽卫生监督所刘谨钊等人，给其送达了行政处罚决定书，内容是两项，第一是没收先行保存的药品、器械，并处以五千元的罚款，第二是改正违法行为。',63,-1,'证据19',0,80,3150),(470,3,'后来通过刘宏找了一个卫生所姓刘的，那人负责医疗卫生检查，每次都是他带人来查，王燕请他吃了饭并先后一共给了4000元钱，目的是为了不交罚款或少交罚款。',64,-1,'证据20',0,80,3200),(471,3,'2012年冬天的一天，王燕给其打电话说塘沽卫生所负责检查非法行医的刘谨钊查到他们诊所了',65,-1,'证据21',0,80,3250),(472,3,'内容与刘林森证言证实内容基本一致，能互相印证，其证言还证实了 2014年5月21曰、2014年6月间接群众举报对王燕非法行医的地点进行了查处，王燕因涉嫌非法行医被移送到了公安机关。',66,-1,'证据22',0,80,3300),(473,3,'其是从2012年开始行医的，在塘沽开办了一个叫天津市塘沽华仁中医药门诊部的个体诊所，诊所有执照，是合法经营。',67,-1,'证据23',0,80,3350),(474,3,'其开的诊所名称叫天津市滨海新区塘沽孟繁明中医诊所，刘谨钊是塘沽卫生监督所的监督员，负责对他的诊所进行监督检查。',68,-1,'证据24',0,80,3400),(475,3,'张某',69,-1,'链头61',4,80,3450),(476,3,'张某',69,-1,'链头61',4,80,3450),(477,3,'张某',69,-1,'链头61',4,80,3450),(478,3,'张某',70,-1,'链头64',4,80,3500),(479,3,'12',70,-1,'链头64',4,80,3500),(480,3,'12',70,-1,'链头64',4,80,3500),(481,3,'通过',70,-1,'链头65',4,80,3500),(482,3,'与刘',71,-1,'链头68',4,80,3550),(483,3,'年冬',71,-1,'链头68',4,80,3550),(484,3,'刘宏',71,-1,'链头68',4,80,3550),(485,3,'年1',71,-1,'链头68',4,80,3550),(486,3,'林森',72,-1,'链头72',4,80,3600),(487,1,'张某',119,-1,'链头34',4,80,5950),(488,1,'12',120,-1,'链头35',4,80,6000),(489,1,'年1',121,-1,'链头36',4,80,6050),(490,3,'2012年12月24日塘沽卫生监督所刘谨钊等人，给其送达了行政处罚决定书，内容是两项，第一是没收先行保存的药品、器械，并处以五千元的罚款，第二是改正违法行为。',73,-1,'证据25',0,80,3650),(491,3,'后来通过刘宏找了一个卫生所姓刘的，那人负责医疗卫生检查，每次都是他带人来查，王燕请他吃了饭并先后一共给了4000元钱，目的是为了不交罚款或少交罚款。',74,-1,'证据26',0,80,3700),(492,3,'2012年冬天的一天，王燕给其打电话说塘沽卫生所负责检查非法行医的刘谨钊查到他们诊所了',75,-1,'证据27',0,80,3750),(493,3,'张某',76,-1,'链头73',4,80,3800),(494,3,'12',77,-1,'链头74',4,80,3850),(495,3,'年1',78,-1,'链头75',4,80,3900),(496,3,'张某',79,-1,'链头76',4,80,3950),(497,3,'通过',80,-1,'链头77',4,80,4000),(498,3,'刘宏',81,-1,'链头78',4,80,4050),(499,3,'张某',82,-1,'链头79',4,80,4100),(500,3,'12',83,-1,'链头80',4,80,4150),(501,3,'年冬',84,-1,'链头81',4,80,4200),(502,3,'张某塘沽罚款卫生监督所刘谨钊等人，给其送达了行政处罚决定书，内容是两项，第一是没收先行保存的药品、器械，并处以五千元的罚款，第二是改正违法行为。',85,-1,'证据28',0,80,4250),(503,3,'后来检查刘宏找了一个卫生所姓刘的，那人负责医疗卫生检查，每次都是他带人来查，王燕请他吃了饭并先后一共给了4000元钱，目的是为了不交罚款或少交罚款。',86,-1,'证据29',0,80,4300),(504,3,'其中王燕冬天的一天，王燕给其打电话说塘沽卫生所负责检查非法行医的刘谨钊查到他们诊所了',87,-1,'证据30',0,80,4350),(505,3,'张某',88,-1,'链头82',4,80,4400),(506,3,'塘沽',89,-1,'链头83',4,80,4450),(507,3,'罚款',90,-1,'链头84',4,80,4500),(508,3,'张某',91,-1,'链头85',4,80,4550),(509,3,'检查',92,-1,'链头86',4,80,4600),(510,3,'刘宏',93,-1,'链头87',4,80,4650),(511,3,'张某',94,-1,'链头88',4,80,4700),(512,3,'王燕',95,-1,'链头89',4,80,4750),(513,3,'冬天',96,-1,'链头90',4,80,4800),(514,3,'内容刘林举报证言证实内容基本一致，能互相印证，其证言还证实了 2014年5月21曰、2014年6月间接群众举报对王燕非法行医的地点进行了查处，王燕因涉嫌非法行医被移送到了公安机关。',97,-1,'证据31',0,80,4850),(515,3,'其是张某行医从2012年开始行医的，在塘沽开办了一个叫天津市塘沽华仁中医药门诊部的个体诊所，诊所有执照，是合法经营。',98,-1,'证据32',0,80,4900),(516,3,'其开孟凡诊所名称叫天津市滨海新区塘沽孟繁明中医诊所，刘谨钊是塘沽卫生监督所的监督员，负责对他的诊所进行监督检查。',99,-1,'证据33',0,80,4950),(517,3,'张某',100,-1,'链头91',4,80,5000),(518,3,'刘林',101,-1,'链头92',4,80,5050),(519,3,'举报',102,-1,'链头93',4,80,5100),(520,3,'张某',103,-1,'链头94',4,80,5150),(521,3,'张某',104,-1,'链头95',4,80,5200),(522,3,'行医',105,-1,'链头96',4,80,5250),(523,3,'张某',106,-1,'链头97',4,80,5300),(524,3,'孟凡',107,-1,'链头98',4,80,5350),(525,3,'诊所',108,-1,'链头99',4,80,5400),(526,3,'张某',109,-1,'链头100',4,80,5450),(527,3,'检查',110,-1,'链头101',4,80,5500),(528,3,'张某',111,-1,'链头102',4,80,5550),(529,3,'张某',111,-1,'链头102',4,80,5550),(530,3,'刘宏',111,-1,'链头103',4,80,5550),(531,3,'塘沽',112,-1,'链头105',4,80,5600),(532,3,'王燕',112,-1,'链头105',4,80,5600),(533,3,'冬天',113,-1,'链头107',4,80,5650),(534,3,'罚款',113,-1,'链头107',4,80,5650),(535,3,'张某',113,-1,'链头109',4,80,5650),(536,3,'刘林',114,-1,'链头110',4,80,5700),(537,3,'举报',115,-1,'链头111',4,80,5750),(538,3,'张某',116,-1,'链头112',4,80,5800),(539,3,'张某',116,-1,'链头112',4,80,5800),(540,3,'张某',117,-1,'链头114',4,80,5850),(541,3,'孟凡',117,-1,'链头114',4,80,5850),(542,3,'行医',118,-1,'链头116',4,80,5900),(543,3,'诊所',118,-1,'链头116',4,80,5900),(546,3,'张某',121,-1,'联结点7',5,80,6050),(547,3,'其是',122,-1,'联结点8',5,80,6100),(548,3,'天津',123,-1,'联结点9',5,80,6150),(549,3,'张某',124,-1,'联结点10',5,80,6200),(550,3,'其在',125,-1,'联结点11',5,80,6250),(551,3,'天津',126,-1,'联结点12',5,80,6300),(554,3,'张某',129,-1,'联结点13',5,80,6450),(555,3,'天津',130,-1,'联结点14',5,80,6500),(556,3,'塘沽',131,-1,'联结点15',5,80,6550),(557,3,'张某',132,-1,'联结点16',5,80,6600),(558,3,'天津',133,-1,'联结点17',5,80,6650),(559,3,'卫生',134,-1,'联结点18',5,80,6700),(560,3,'张某塘沽罚款卫生监督所刘谨钊等人，给其送达了行政处罚决定书，内容是两项，第一是没收先行保存的药品、器械，并处以五千元的罚款，第二是改正违法行为。',135,-1,'证据34',0,80,6750),(561,3,'后来检查刘宏找了一个卫生所姓刘的，那人负责医疗卫生检查，每次都是他带人来查，王燕请他吃了饭并先后一共给了4000元钱，目的是为了不交罚款或少交罚款。',136,-1,'证据35',0,80,6800),(562,3,'其中王燕冬天的一天，王燕给其打电话说塘沽卫生所负责检查非法行医的刘谨钊查到他们诊所了',137,-1,'证据36',0,80,6850),(563,3,'张某',138,-1,'链头118',4,80,6900),(564,3,'塘沽',139,-1,'链头119',4,80,6950),(565,3,'罚款',140,-1,'链头120',4,80,7000),(566,3,'张某',141,-1,'链头121',4,80,7050),(567,3,'检查',142,-1,'链头122',4,80,7100),(568,3,'刘宏',143,-1,'链头123',4,80,7150),(569,3,'张某',144,-1,'链头124',4,80,7200),(570,3,'王燕',145,-1,'链头125',4,80,7250),(571,3,'冬天',146,-1,'链头126',4,80,7300),(572,3,'内容刘林举报证言证实内容基本一致，能互相印证，其证言还证实了 2014年5月21曰、2014年6月间接群众举报对王燕非法行医的地点进行了查处，王燕因涉嫌非法行医被移送到了公安机关。',147,-1,'证据37',0,80,7350),(573,3,'其是张某行医从2012年开始行医的，在塘沽开办了一个叫天津市塘沽华仁中医药门诊部的个体诊所，诊所有执照，是合法经营。',148,-1,'证据38',0,80,7400),(574,3,'其开孟凡诊所名称叫天津市滨海新区塘沽孟繁明中医诊所，刘谨钊是塘沽卫生监督所的监督员，负责对他的诊所进行监督检查。',149,-1,'证据39',0,80,7450),(575,3,'张某',150,-1,'链头127',4,80,7500),(576,3,'刘林',151,-1,'链头128',4,80,7550),(577,3,'举报',152,-1,'链头129',4,80,7600),(578,3,'张某',153,-1,'链头130',4,80,7650),(579,3,'张某',154,-1,'链头131',4,80,7700),(580,3,'行医',155,-1,'链头132',4,80,7750),(581,3,'张某',156,-1,'链头133',4,80,7800),(582,3,'孟凡',157,-1,'链头134',4,80,7850),(583,3,'诊所',158,-1,'链头135',4,80,7900),(584,3,'张某',159,-1,'链头136',4,80,7950),(585,3,'张某',159,-1,'链头136',4,80,7950),(586,3,'张某',160,-1,'链头138',4,80,8000),(587,3,'塘沽',160,-1,'链头138',4,80,8000),(588,3,'刘林',160,-1,'链头138',4,80,8000),(589,3,'张某',161,-1,'链头141',4,80,8050),(590,3,'检查',161,-1,'链头141',4,80,8050),(591,3,'举报',161,-1,'链头141',4,80,8050),(592,3,'罚款',161,-1,'链头141',4,80,8050),(593,3,'王燕',162,-1,'链头145',4,80,8100),(594,3,'刘宏',162,-1,'链头146',4,80,8100),(595,3,'冬天',163,-1,'链头147',4,80,8150),(598,3,'张某',166,-1,'联结点19',5,80,8300),(599,3,'、天',167,-1,'联结点20',5,80,8350),(600,3,'津塘',168,-1,'联结点21',5,80,8400),(601,3,'张某',169,-1,'联结点22',5,80,8450),(602,3,'天津',170,-1,'联结点23',5,80,8500),(603,3,'卫生',171,-1,'联结点24',5,80,8550),(606,3,'张某',174,-1,'联结点25',5,80,8700),(607,3,'、天',175,-1,'联结点26',5,80,8750),(608,3,'津塘',176,-1,'联结点27',5,80,8800),(609,3,'张某',177,-1,'联结点28',5,80,8850),(610,3,'天津',178,-1,'联结点29',5,80,8900),(611,3,'卫生',179,-1,'联结点30',5,80,8950),(612,3,'张某塘沽罚款卫生监督所刘谨钊等人，给其送达了行政处罚决定书，内容是两项，第一是没收先行保存的药品、器械，并处以五千元的罚款，第二是改正违法行为。',180,-1,'证据40',0,80,9000),(613,3,'后来检查刘宏找了一个卫生所姓刘的，那人负责医疗卫生检查，每次都是他带人来查，王燕请他吃了饭并先后一共给了4000元钱，目的是为了不交罚款或少交罚款。',181,-1,'证据41',0,80,9050),(614,3,'其中王燕冬天的一天，王燕给其打电话说塘沽卫生所负责检查非法行医的刘谨钊查到他们诊所了',182,-1,'证据42',0,80,9100),(615,3,'张某',183,-1,'链头148',4,80,9150),(616,3,'塘沽',184,-1,'链头149',4,80,9200),(618,3,'新的证据',185,-1,'证据43',0,80,9250),(619,3,'张某',186,-1,'链头150',4,80,9300),(620,3,'张某',186,-1,'链头150',4,80,9300),(621,3,'张某',187,-1,'链头152',4,80,9350),(622,3,'检查',187,-1,'链头152',4,80,9350),(623,3,'王燕',187,-1,'链头152',4,80,9350),(624,3,'刘宏',188,-1,'链头155',4,80,9400),(625,3,'证据',188,-1,'链头155',4,80,9400),(626,3,'冬天',188,-1,'链头155',4,80,9400),(627,3,'张某',189,-1,'链头158',4,80,9450),(628,3,'张某',189,-1,'链头158',4,80,9450),(629,3,'刘林',190,-1,'链头160',4,80,9500),(630,3,'塘沽',190,-1,'链头160',4,80,9500),(631,3,'举报',191,-1,'链头162',4,80,9550),(632,3,'罚款',191,-1,'链头162',4,80,9550),(633,3,'张某',192,-1,'链头164',4,80,9600),(634,3,'张某',192,-1,'链头164',4,80,9600),(635,3,'张某',193,-1,'链头166',4,80,9650),(636,3,'证据',193,-1,'链头166',4,80,9650),(637,3,'王燕',193,-1,'链头166',4,80,9650),(638,3,'检查',194,-1,'链头169',4,80,9700),(639,3,'冬天',194,-1,'链头169',4,80,9700),(640,3,'刘宏',195,-1,'链头171',4,80,9750),(641,3,'张某',195,-1,'链头171',4,80,9750),(642,3,'张某',196,-1,'链头173',4,80,9800),(643,3,'刘林',196,-1,'链头174',4,80,9800),(644,3,'塘沽',197,-1,'链头175',4,80,9850),(645,3,'举报',198,-1,'链头176',4,80,9900),(646,3,'罚款',199,-1,'链头177',4,80,9950),(647,3,'张某',200,-1,'链头178',4,80,10000),(648,3,'张某',200,-1,'链头179',4,80,10000),(649,3,'张某',201,-1,'链头180',4,80,10050),(650,3,'证据',201,-1,'链头180',4,80,10050),(651,3,'检查',202,-1,'链头181',4,80,10100),(652,3,'王燕',202,-1,'链头182',4,80,10100),(653,3,'刘宏',203,-1,'链头184',4,80,10150),(654,3,'冬天',203,-1,'链头184',4,80,10150),(656,3,'张某',205,-1,'联结点31',5,80,10250),(657,3,'、天',206,-1,'联结点32',5,80,10300),(658,3,'津塘',207,-1,'联结点33',5,80,10350),(661,3,'张某',210,-1,'联结点34',5,80,10500),(662,3,'、天',211,-1,'联结点35',5,80,10550),(663,3,'津塘',212,-1,'联结点36',5,80,10600),(664,3,'张某',213,-1,'联结点37',5,80,10650),(665,3,'天津',214,-1,'联结点38',5,80,10700),(666,3,'卫生',215,-1,'联结点39',5,80,10750),(667,3,'张某',216,-1,'链头186',4,80,10800),(668,3,'张某',217,-1,'链头187',4,80,10850),(669,3,'张某',216,-1,'链头187',4,80,10800),(670,3,'证据',218,-1,'链头188',4,80,10900),(671,3,'张某',218,-1,'链头189',4,80,10900),(672,3,'张某',218,-1,'链头189',4,80,10900),(673,3,'检查',218,-1,'链头190',4,80,10900),(674,3,'王燕',218,-1,'链头192',4,80,10900),(675,3,'刘林',219,-1,'链头194',4,80,10950),(676,3,'塘沽',219,-1,'链头194',4,80,10950),(677,3,'刘宏',219,-1,'链头194',4,80,10950),(678,3,'冬天',219,-1,'链头194',4,80,10950),(679,3,'举报',220,-1,'链头198',4,80,11000),(680,3,'罚款',220,-1,'链头198',4,80,11000),(681,3,'张某',221,-1,'链头200',4,80,11050),(682,3,'张某',221,-1,'链头200',4,80,11050),(683,3,'张某',221,-1,'链头201',4,80,11050),(684,3,'张某',222,-1,'链头202',4,80,11100),(685,3,'证据',222,-1,'链头203',4,80,11100),(686,3,'王燕',222,-1,'链头204',4,80,11100),(687,3,'张某',222,-1,'链头203',4,80,11100),(688,3,'检查',223,-1,'链头205',4,80,11150),(689,3,'刘林',223,-1,'链头208',4,80,11150),(690,3,'塘沽',224,-1,'链头208',4,80,11200),(691,3,'冬天',224,-1,'链头208',4,80,11200),(692,3,'刘宏',224,-1,'链头209',4,80,11200),(693,3,'举报',225,-1,'链头212',4,80,11250),(694,3,'罚款',225,-1,'链头212',4,80,11250),(695,3,'张某',226,-1,'链头214',4,80,11300),(696,3,'刘林',227,-1,'链头215',4,80,11350),(697,3,'举报',228,-1,'链头216',4,80,11400),(698,3,'张某',229,-1,'链头217',4,80,11450),(699,3,'塘沽',230,-1,'链头218',4,80,11500),(700,3,'罚款',231,-1,'链头219',4,80,11550),(701,3,'张某',232,-1,'链头220',4,80,11600),(702,3,'刘林',233,-1,'链头221',4,80,11650),(703,3,'举报',234,-1,'链头222',4,80,11700),(704,3,'张某',234,-1,'链头222',4,80,11700),(705,3,'塘沽',235,-1,'链头224',4,80,11750),(706,3,'罚款',236,-1,'链头225',4,80,11800),(707,3,'张某塘沽罚款卫生监督所刘谨钊等人，给其送达了行政处罚决定书，内容是两项，第一是没收先行保存的药品、器械，并处以五千元的罚款，第二是改正违法行为。',237,-1,'证据44',0,80,11850),(708,3,'后来检查刘宏找了一个卫生所姓刘的，那人负责医疗卫生检查，每次都是他带人来查，王燕请他吃了饭并先后一共给了4000元钱，目的是为了不交罚款或少交罚款。',238,-1,'证据45',0,80,11900),(709,3,'其中王燕冬天的一天，王燕给其打电话说塘沽卫生所负责检查非法行医的刘谨钊查到他们诊所了',239,-1,'证据46',0,80,11950),(710,3,'张某',240,-1,'链头226',4,80,12000),(711,3,'塘沽',241,-1,'链头227',4,80,12050),(713,3,'新建证据',242,-1,'证据47',0,80,12100),(714,3,'内容刘林举报证言证实内容基本一致，能互相印证，其证言还证实了 2014年5月21曰、2014年6月间接群众举报对王燕非法行医的地点进行了查处，王燕因涉嫌非法行医被移送到了公安机关。',243,-1,'证据48',0,80,12150),(715,3,'其是张某行医从2012年开始行医的，在塘沽开办了一个叫天津市塘沽华仁中医药门诊部的个体诊所，诊所有执照，是合法经营。',244,-1,'证据49',0,80,12200),(716,3,'其开孟凡诊所名称叫天津市滨海新区塘沽孟繁明中医诊所，刘谨钊是塘沽卫生监督所的监督员，负责对他的诊所进行监督检查。',245,-1,'证据50',0,80,12250),(717,3,'张某',246,-1,'链头228',4,80,12300),(718,3,'刘林',247,-1,'链头229',4,80,12350),(719,3,'举报',248,-1,'链头230',4,80,12400),(720,3,'张某',249,-1,'链头231',4,80,12450),(721,3,'张某',250,-1,'链头232',4,80,12500),(722,3,'行医',251,-1,'链头233',4,80,12550),(723,3,'张某',252,-1,'链头234',4,80,12600),(724,3,'孟凡',253,-1,'链头235',4,80,12650),(725,3,'诊所',254,-1,'链头236',4,80,12700),(726,3,'张某',255,-1,'链头237',4,80,12750),(727,3,'张某',255,-1,'链头237',4,80,12750),(728,3,'张某',255,-1,'链头239',4,80,12750),(729,3,'检查',256,-1,'链头240',4,80,12800),(730,3,'证据',256,-1,'链头240',4,80,12800),(731,3,'王燕',256,-1,'链头240',4,80,12800),(732,3,'刘宏',257,-1,'链头243',4,80,12850),(733,3,'冬天',257,-1,'链头243',4,80,12850),(734,3,'张某',258,-1,'链头245',4,80,12900),(735,3,'张某',259,-1,'链头246',4,80,12950),(736,3,'塘沽',260,-1,'链头247',4,80,13000),(737,3,'刘林',261,-1,'链头248',4,80,13050),(738,3,'罚款',261,-1,'链头248',4,80,13050),(739,3,'举报',262,-1,'链头250',4,80,13100),(741,3,'张某',264,-1,'联结点40',5,80,13200),(742,3,'、天',265,-1,'联结点41',5,80,13250),(743,3,'津塘',266,-1,'联结点42',5,80,13300),(744,1,'内容与刘林森证言证实内容基本一致，能互相印证，其证言还证实了 2014年5月21曰、2014年6月间接群众举报对王燕非法行医的地点进行了查处，王燕因涉嫌非法行医被移送到了公安机关。',122,-1,'证据35',0,80,6100),(745,1,'其是从2012年开始行医的，在塘沽开办了一个叫天津市塘沽华仁中医药门诊部的个体诊所，诊所有执照，是合法经营。',123,-1,'证据36',0,80,6150),(746,1,'其开的诊所名称叫天津市滨海新区塘沽孟繁明中医诊所，刘谨钊是塘沽卫生监督所的监督员，负责对他的诊所进行监督检查。',124,-1,'证据37',0,80,6200),(747,1,'张某',125,-1,'链头37',4,80,6250),(748,1,'张某',125,-1,'链头37',4,80,6250),(749,1,'与刘',126,-1,'链头39',4,80,6300),(750,1,'12',126,-1,'链头39',4,80,6300),(751,1,'林森',127,-1,'链头41',4,80,6350),(752,1,'年1',127,-1,'链头41',4,80,6350),(754,1,'内容与刘林森证言证实内容基本一致，能互相印证，其证言还证实了 2014年5月21曰、2014年6月间接群众举报对王燕非法行医的地点进行了查处，王燕因涉嫌非法行医被移送到了公安机关。',129,-1,'证据38',0,80,6450),(755,1,'其是从2012年开始行医的，在塘沽开办了一个叫天津市塘沽华仁中医药门诊部的个体诊所，诊所有执照，是合法经营。',130,-1,'证据39',0,80,6500),(756,1,'其开的诊所名称叫天津市滨海新区塘沽孟繁明中医诊所，刘谨钊是塘沽卫生监督所的监督员，负责对他的诊所进行监督检查。',131,-1,'证据40',0,80,6550),(757,1,'内容与刘林森证言证实内容基本一致，能互相印证，其证言还证实了 2014年5月21曰、2014年6月间接群众举报对王燕非法行医的地点进行了查处，王燕因涉嫌非法行医被移送到了公安机关。',132,-1,'证据41',0,80,6600),(758,1,'其是从2012年开始行医的，在塘沽开办了一个叫天津市塘沽华仁中医药门诊部的个体诊所，诊所有执照，是合法经营。',133,-1,'证据42',0,80,6650),(759,1,'其开的诊所名称叫天津市滨海新区塘沽孟繁明中医诊所，刘谨钊是塘沽卫生监督所的监督员，负责对他的诊所进行监督检查。',134,-1,'证据43',0,80,6700),(760,1,'张某',135,-1,'链头43',4,80,6750),(761,1,'与刘',136,-1,'链头44',4,80,6800),(762,1,'张某',136,-1,'链头45',4,80,6800),(763,1,'林森',137,-1,'链头46',4,80,6850),(764,1,'12',138,-1,'链头47',4,80,6900),(765,1,'年1',139,-1,'链头48',4,80,6950),(766,1,'内容与刘林森证言证实内容基本一致，能互相印证，其证言还证实了 2014年5月21曰、2014年6月间接群众举报对王燕非法行医的地点进行了查处，王燕因涉嫌非法行医被移送到了公安机关。',140,-1,'证据44',0,80,7000),(767,1,'其是从2012年开始行医的，在塘沽开办了一个叫天津市塘沽华仁中医药门诊部的个体诊所，诊所有执照，是合法经营。',141,-1,'证据45',0,80,7050),(768,1,'其开的诊所名称叫天津市滨海新区塘沽孟繁明中医诊所，刘谨钊是塘沽卫生监督所的监督员，负责对他的诊所进行监督检查。',142,-1,'证据46',0,80,7100),(769,1,'内容与刘林森证言证实内容基本一致，能互相印证，其证言还证实了 2014年5月21曰、2014年6月间接群众举报对王燕非法行医的地点进行了查处，王燕因涉嫌非法行医被移送到了公安机关。',143,-1,'证据47',0,80,7150),(770,1,'其是从2012年开始行医的，在塘沽开办了一个叫天津市塘沽华仁中医药门诊部的个体诊所，诊所有执照，是合法经营。',144,-1,'证据48',0,80,7200),(771,1,'其开的诊所名称叫天津市滨海新区塘沽孟繁明中医诊所，刘谨钊是塘沽卫生监督所的监督员，负责对他的诊所进行监督检查。',145,-1,'证据49',0,80,7250),(772,1,'内容与刘林森证言证实内容基本一致，能互相印证，其证言还证实了 2014年5月21曰、2014年6月间接群众举报对王燕非法行医的地点进行了查处，王燕因涉嫌非法行医被移送到了公安机关。',146,-1,'证据50',0,80,7300),(773,1,'其是从2012年开始行医的，在塘沽开办了一个叫天津市塘沽华仁中医药门诊部的个体诊所，诊所有执照，是合法经营。',147,-1,'证据51',0,80,7350),(774,1,'其开的诊所名称叫天津市滨海新区塘沽孟繁明中医诊所，刘谨钊是塘沽卫生监督所的监督员，负责对他的诊所进行监督检查。',148,-1,'证据52',0,80,7400),(775,1,'张某',149,-1,'链头49',4,80,7450),(776,1,'与刘',150,-1,'链头50',4,80,7500),(777,1,'林森',151,-1,'链头51',4,80,7550),(778,1,'张某',152,-1,'链头52',4,80,7600),(779,1,'从2',153,-1,'链头53',4,80,7650),(780,1,'01',154,-1,'链头54',4,80,7700),(781,1,'张某',155,-1,'链头55',4,80,7750),(782,1,'的诊',156,-1,'链头56',4,80,7800),(783,1,'所名',157,-1,'链头57',4,80,7850),(784,1,'张某',158,-1,'链头58',4,80,7900),(785,1,'张某',158,-1,'链头58',4,80,7900),(786,1,'12',159,-1,'链头60',4,80,7950),(787,1,'与刘',159,-1,'链头60',4,80,7950),(788,1,'年1',160,-1,'链头62',4,80,8000),(789,1,'林森',160,-1,'链头62',4,80,8000),(790,1,'张某',161,-1,'链头64',4,80,8050),(791,1,'张某',161,-1,'链头64',4,80,8050),(792,1,'的诊',162,-1,'链头66',4,80,8100),(793,1,'从2',162,-1,'链头66',4,80,8100),(794,1,'所名',163,-1,'链头68',4,80,8150),(795,1,'01',163,-1,'链头68',4,80,8150),(796,1,'张某',164,-1,'链头70',4,80,8200),(797,1,'12',165,-1,'链头71',4,80,8250),(798,1,'张某',165,-1,'链头71',4,80,8250),(799,1,'与刘',166,-1,'链头73',4,80,8300),(800,1,'年1',166,-1,'链头73',4,80,8300),(801,1,'林森',167,-1,'链头75',4,80,8350),(802,1,'张某',168,-1,'链头76',4,80,8400),(803,1,'张某',168,-1,'链头76',4,80,8400),(804,1,'12',169,-1,'链头78',4,80,8450),(805,1,'与刘',169,-1,'链头78',4,80,8450),(806,1,'年1',170,-1,'链头80',4,80,8500),(807,1,'林森',170,-1,'链头80',4,80,8500),(808,1,'张某',171,-1,'链头82',4,80,8550),(809,1,'张某',171,-1,'链头82',4,80,8550),(810,1,'与刘',172,-1,'链头84',4,80,8600),(811,1,'12',172,-1,'链头84',4,80,8600),(812,1,'林森',173,-1,'链头86',4,80,8650),(813,1,'年1',173,-1,'链头86',4,80,8650),(814,1,'1、内容与刘林森证言证实内容基本一致，能互相印证，其证言还证实了 2014年5月21曰、2014年6月间接群众举报对王燕非法行医的地点进行了查处，王燕因涉嫌非法行医被移送到了公安机关',174,-1,'事实1',1,80,8700),(815,1,'2、其是从2012年开始行医的，在塘沽开办了一个叫天津市塘沽华仁中医药门诊部的个体诊所，诊所有执照，是合法经营',175,-1,'事实2',1,80,8750),(816,1,'3、其开的诊所名称叫天津市滨海新区塘沽孟繁明中医诊所，刘谨钊是塘沽卫生监督所的监督员，负责对他的诊所进行监督检查',176,-1,'事实3',1,80,8800),(817,3,'张某塘沽罚款卫生监督所刘谨钊等人，给其送达了行政处罚决定书，内容是两项，第一是没收先行保存的药品、器械，并处以五千元的罚款，第二是改正违法行为。',267,-1,'证据51',0,80,13350),(818,3,'后来检查刘宏找了一个卫生所姓刘的，那人负责医疗卫生检查，每次都是他带人来查，王燕请他吃了饭并先后一共给了4000元钱，目的是为了不交罚款或少交罚款。',268,-1,'证据52',0,80,13400),(819,3,'其中王燕冬天的一天，王燕给其打电话说塘沽卫生所负责检查非法行医的刘谨钊查到他们诊所了',269,-1,'证据53',0,80,13450),(820,3,'张某塘沽罚款卫生监督所刘谨钊等人，给其送达了行政处罚决定书，内容是两项，第一是没收先行保存的药品、器械，并处以五千元的罚款，第二是改正违法行为。',270,-1,'证据54',0,80,13500),(821,3,'后来检查刘宏找了一个卫生所姓刘的，那人负责医疗卫生检查，每次都是他带人来查，王燕请他吃了饭并先后一共给了4000元钱，目的是为了不交罚款或少交罚款。',271,-1,'证据55',0,80,13550),(822,3,'其中王燕冬天的一天，王燕给其打电话说塘沽卫生所负责检查非法行医的刘谨钊查到他们诊所了',272,-1,'证据56',0,80,13600),(823,3,'内容刘林举报证言证实内容基本一致，能互相印证，其证言还证实了 2014年5月21曰、2014年6月间接群众举报对王燕非法行医的地点进行了查处，王燕因涉嫌非法行医被移送到了公安机关。',273,-1,'证据57',0,80,13650),(824,3,'其是张某行医从2012年开始行医的，在塘沽开办了一个叫天津市塘沽华仁中医药门诊部的个体诊所，诊所有执照，是合法经营。',274,-1,'证据58',0,80,13700),(825,3,'其开孟凡诊所名称叫天津市滨海新区塘沽孟繁明中医诊所，刘谨钊是塘沽卫生监督所的监督员，负责对他的诊所进行监督检查。',275,-1,'证据59',0,80,13750),(826,3,'张某',276,-1,'链头251',4,80,13800),(827,3,'塘沽',277,-1,'链头252',4,80,13850),(828,3,'罚款',278,-1,'链头253',4,80,13900),(829,3,'张某塘沽罚款卫生监督所刘谨钊等人，给其送达了行政处罚决定书，内容是两项，第一是没收先行保存的药品、器械，并处以五千元的罚款，第二是改正违法行为。',279,-1,'证据60',0,80,13950),(830,3,'后来检查刘宏找了一个卫生所姓刘的，那人负责医疗卫生检查，每次都是他带人来查，王燕请他吃了饭并先后一共给了4000元钱，目的是为了不交罚款或少交罚款。',280,-1,'证据61',0,80,14000),(831,3,'其中王燕冬天的一天，王燕给其打电话说塘沽卫生所负责检查非法行医的刘谨钊查到他们诊所了',281,-1,'证据62',0,80,14050),(832,3,'张某',282,-1,'链头254',4,80,14100),(833,3,'塘沽',283,-1,'链头255',4,80,14150),(834,3,'罚款',284,-1,'链头256',4,80,14200),(836,3,'张某',286,-1,'联结点43',5,80,14300),(837,3,'、天',287,-1,'联结点44',5,80,14350),(838,3,'津塘',288,-1,'联结点45',5,80,14400),(840,3,'张某',290,-1,'联结点46',5,80,14500),(841,3,'、天',291,-1,'联结点47',5,80,14550),(842,3,'津塘',292,-1,'联结点48',5,80,14600),(846,1,'张某',180,-1,'链头88',4,80,9000),(847,1,'与刘',181,-1,'链头89',4,80,9050),(848,1,'张某',181,-1,'链头89',4,80,9050),(849,1,'12',182,-1,'链头91',4,80,9100),(850,1,'林森',182,-1,'链头91',4,80,9100),(851,1,'年1',183,-1,'链头93',4,80,9150),(852,1,'张某',184,-1,'链头94',4,80,9200),(853,1,'张某',184,-1,'链头94',4,80,9200),(854,1,'与刘',185,-1,'链头96',4,80,9250),(855,1,'12',185,-1,'链头96',4,80,9250),(856,1,'林森',186,-1,'链头98',4,80,9300),(857,1,'年1',187,-1,'链头99',4,80,9350),(858,3,'张某塘沽罚款卫生监督所刘谨钊等人，给其送达了行政处罚决定书，内容是两项，第一是没收先行保存的药品、器械，并处以五千元的罚款，第二是改正违法行为。',293,-1,'证据63',0,80,14650),(859,3,'后来检查刘宏找了一个卫生所姓刘的，那人负责医疗卫生检查，每次都是他带人来查，王燕请他吃了饭并先后一共给了4000元钱，目的是为了不交罚款或少交罚款。',294,-1,'证据64',0,80,14700),(860,3,'其中王燕冬天的一天，王燕给其打电话说塘沽卫生所负责检查非法行医的刘谨钊查到他们诊所了',295,-1,'证据65',0,80,14750),(861,3,'张某',296,-1,'链头257',4,80,14800),(862,3,'塘沽',297,-1,'链头258',4,80,14850),(863,3,'罚款',298,-1,'链头259',4,80,14900),(864,3,'张某',299,-1,'链头260',4,80,14950),(865,3,'检查',300,-1,'链头261',4,80,15000),(866,3,'刘宏',301,-1,'链头262',4,80,15050),(867,3,'张某',302,-1,'链头263',4,80,15100),(868,3,'王燕',303,-1,'链头264',4,80,15150),(869,3,'冬天',304,-1,'链头265',4,80,15200),(870,3,'张某',305,-1,'链头266',4,80,15250),(871,3,'张某',305,-1,'链头266',4,80,15250),(872,3,'王燕',306,-1,'链头268',4,80,15300),(873,3,'检查',306,-1,'链头268',4,80,15300),(874,3,'刘宏',307,-1,'链头270',4,80,15350),(875,3,'冬天',307,-1,'链头270',4,80,15350),(876,3,'张某',308,-1,'链头272',4,80,15400),(877,3,'刘林',309,-1,'链头273',4,80,15450),(878,3,'张某',309,-1,'链头273',4,80,15450),(879,3,'举报',310,-1,'链头275',4,80,15500),(880,3,'塘沽',310,-1,'链头275',4,80,15500),(881,3,'罚款',311,-1,'链头277',4,80,15550),(884,3,'张某',314,-1,'链头278',4,80,15700),(885,3,'张某',314,-1,'链头278',4,80,15700),(886,3,'王燕',315,-1,'链头280',4,80,15750),(887,3,'检查',315,-1,'链头280',4,80,15750),(888,3,'冬天',316,-1,'链头282',4,80,15800),(889,3,'刘宏',316,-1,'链头282',4,80,15800),(890,3,'张某',317,-1,'链头284',4,80,15850),(891,3,'张某',317,-1,'链头284',4,80,15850),(892,3,'刘林',318,-1,'链头286',4,80,15900),(893,3,'塘沽',318,-1,'链头286',4,80,15900),(894,3,'举报',319,-1,'链头288',4,80,15950),(895,3,'罚款',319,-1,'链头288',4,80,15950),(896,3,'张某塘沽罚款卫生监督所刘谨钊等人，给其送达了行政处罚决定书，内容是两项，第一是没收先行保存的药品、器械，并处以五千元的罚款，第二是改正违法行为。',320,-1,'证据66',0,80,16000),(897,3,'后来检查刘宏找了一个卫生所姓刘的，那人负责医疗卫生检查，每次都是他带人来查，王燕请他吃了饭并先后一共给了4000元钱，目的是为了不交罚款或少交罚款。',321,-1,'证据67',0,80,16050),(898,3,'其中王燕冬天的一天，王燕给其打电话说塘沽卫生所负责检查非法行医的刘谨钊查到他们诊所了',322,-1,'证据68',0,80,16100),(899,3,'内容刘林举报证言证实内容基本一致，能互相印证，其证言还证实了 2014年5月21曰、2014年6月间接群众举报对王燕非法行医的地点进行了查处，王燕因涉嫌非法行医被移送到了公安机关。',323,-1,'证据69',0,80,16150),(900,3,'其是张某行医从2012年开始行医的，在塘沽开办了一个叫天津市塘沽华仁中医药门诊部的个体诊所，诊所有执照，是合法经营。',324,-1,'证据70',0,80,16200),(901,3,'其开孟凡诊所名称叫天津市滨海新区塘沽孟繁明中医诊所，刘谨钊是塘沽卫生监督所的监督员，负责对他的诊所进行监督检查。',325,-1,'证据71',0,80,16250),(902,3,'张某',326,-1,'链头290',4,80,16300),(903,3,'张某',326,-1,'链头290',4,80,16300),(904,3,'张某',326,-1,'链头292',4,80,16300),(905,3,'张某',327,-1,'链头293',4,80,16350),(906,3,'检查',328,-1,'链头294',4,80,16400),(907,3,'塘沽',328,-1,'链头294',4,80,16400),(908,3,'刘林',328,-1,'链头294',4,80,16400),(909,3,'王燕',328,-1,'链头294',4,80,16400),(910,3,'举报',329,-1,'链头298',4,80,16450),(911,3,'刘宏',330,-1,'链头299',4,80,16500),(912,3,'冬天',331,-1,'链头300',4,80,16550),(913,3,'罚款',331,-1,'链头300',4,80,16550),(916,3,'后来检查刘宏找了一个卫生所姓刘的，那人负责医疗卫生检查，每次都是他带人来查，王燕请他吃了饭并先后一共给了4000元钱，目的是为了不交罚款或少交罚款。',334,-1,'证据73',0,80,16700),(917,3,'其中王燕冬天的一天，王燕给其打电话说塘沽卫生所负责检查非法行医的刘谨钊查到他们诊所了',335,-1,'证据74',0,80,16750),(918,3,'内容刘林举报证言证实内容基本一致，能互相印证，其证言还证实了 2014年5月21曰、2014年6月间接群众举报对王燕非法行医的地点进行了查处，王燕因涉嫌非法行医被移送到了公安机关。',336,-1,'证据75',0,80,16800),(919,3,'其是张某行医从2012年开始行医的，在塘沽开办了一个叫天津市塘沽华仁中医药门诊部的个体诊所，诊所有执照，是合法经营。',337,-1,'证据76',0,80,16850),(920,3,'其开孟凡诊所名称叫天津市滨海新区塘沽孟繁明中医诊所，刘谨钊是塘沽卫生监督所的监督员，负责对他的诊所进行监督检查。',338,-1,'证据77',0,80,16900),(921,3,'张某',339,-1,'链头302',4,80,16950),(922,3,'塘沽',340,-1,'链头303',4,80,17000),(923,3,'罚款',341,-1,'链头304',4,80,17050),(924,3,'张某',342,-1,'链头305',4,80,17100),(925,3,'检查',343,-1,'链头306',4,80,17150),(926,3,'刘宏',344,-1,'链头307',4,80,17200),(927,3,'张某',345,-1,'链头308',4,80,17250),(928,3,'王燕',346,-1,'链头309',4,80,17300),(929,3,'冬天',347,-1,'链头310',4,80,17350),(930,3,'张某',348,-1,'链头311',4,80,17400),(931,3,'刘林',349,-1,'链头312',4,80,17450),(932,3,'举报',350,-1,'链头313',4,80,17500),(933,3,'张某',351,-1,'链头314',4,80,17550),(934,3,'张某',352,-1,'链头315',4,80,17600),(935,3,'行医',353,-1,'链头316',4,80,17650),(936,3,'张某',354,-1,'链头317',4,80,17700),(937,3,'孟凡',355,-1,'链头318',4,80,17750),(938,3,'诊所',356,-1,'链头319',4,80,17800),(939,3,'张某',357,-1,'链头320',4,80,17850),(940,3,'塘沽',358,-1,'链头321',4,80,17900),(941,3,'罚款',359,-1,'链头322',4,80,17950),(942,3,'张某',360,-1,'链头323',4,80,18000),(943,3,'检查',361,-1,'链头324',4,80,18050),(944,3,'刘宏',362,-1,'链头325',4,80,18100),(945,3,'张某',363,-1,'链头326',4,80,18150),(946,3,'王燕',364,-1,'链头327',4,80,18200),(947,3,'冬天',365,-1,'链头328',4,80,18250),(948,3,'张某',366,-1,'链头329',4,80,18300),(949,3,'张某',366,-1,'链头329',4,80,18300),(950,3,'张某',366,-1,'链头329',4,80,18300),(951,3,'王燕',367,-1,'链头332',4,80,18350),(952,3,'刘林',367,-1,'链头332',4,80,18350),(953,3,'检查',367,-1,'链头332',4,80,18350),(954,3,'冬天',368,-1,'链头335',4,80,18400),(955,3,'举报',368,-1,'链头335',4,80,18400),(956,3,'刘宏',368,-1,'链头335',4,80,18400),(959,3,'张某',371,-1,'联结点49',5,80,18550),(960,3,'、天',372,-1,'联结点50',5,80,18600),(961,3,'津塘',373,-1,'联结点51',5,80,18650),(962,3,'张某',374,-1,'联结点52',5,80,18700),(963,3,'天津',375,-1,'联结点53',5,80,18750),(964,3,'卫生',376,-1,'联结点54',5,80,18800),(967,3,'张某',379,-1,'联结点55',5,80,18950),(968,3,'、天',380,-1,'联结点56',5,80,19000),(969,3,'津塘',381,-1,'联结点57',5,80,19050),(970,3,'张某',382,-1,'联结点58',5,80,19100),(971,3,'天津',383,-1,'联结点59',5,80,19150),(972,3,'卫生',384,-1,'联结点60',5,80,19200),(974,3,'张某',386,-1,'联结点61',5,80,19300),(975,3,'、天',387,-1,'联结点62',5,80,19350),(976,3,'津塘',388,-1,'联结点63',5,80,19400),(977,3,'张某塘沽罚款卫生监督所刘谨钊等人，给其送达了行政处罚决定书，内容是两项，第一是没收先行保存的药品、器械，并处以五千元的罚款，第二是改正违法行为。',389,-1,'证据77',0,80,19450),(978,3,'后来检查刘宏找了一个卫生所姓刘的，那人负责医疗卫生检查，每次都是他带人来查，王燕请他吃了饭并先后一共给了4000元钱，目的是为了不交罚款或少交罚款。',390,-1,'证据78',0,80,19500),(979,3,'其中王燕冬天的一天，王燕给其打电话说塘沽卫生所负责检查非法行医的刘谨钊查到他们诊所了',391,-1,'证据79',0,80,19550),(980,3,'内容刘林举报证言证实内容基本一致，能互相印证，其证言还证实了 2014年5月21曰、2014年6月间接群众举报对王燕非法行医的地点进行了查处，王燕因涉嫌非法行医被移送到了公安机关。',392,-1,'证据80',0,80,19600),(981,3,'其是张某行医从2012年开始行医的，在塘沽开办了一个叫天津市塘沽华仁中医药门诊部的个体诊所，诊所有执照，是合法经营。',393,-1,'证据81',0,80,19650),(982,3,'其开孟凡诊所名称叫天津市滨海新区塘沽孟繁明中医诊所，刘谨钊是塘沽卫生监督所的监督员，负责对他的诊所进行监督检查。',394,-1,'证据82',0,80,19700),(983,3,'张某',395,-1,'链头338',4,80,19750),(984,3,'塘沽',396,-1,'链头339',4,80,19800),(985,3,'罚款',397,-1,'链头340',4,80,19850),(986,3,'张某',398,-1,'链头341',4,80,19900),(987,3,'检查',399,-1,'链头342',4,80,19950),(988,3,'刘宏',400,-1,'链头343',4,80,20000),(989,3,'张某',401,-1,'链头344',4,80,20050),(990,3,'王燕',402,-1,'链头345',4,80,20100),(991,3,'冬天',403,-1,'链头346',4,80,20150),(992,3,'张某',404,-1,'链头347',4,80,20200),(993,3,'刘林',405,-1,'链头348',4,80,20250),(994,3,'举报',406,-1,'链头349',4,80,20300),(995,3,'张某',407,-1,'链头350',4,80,20350),(996,3,'张某',408,-1,'链头351',4,80,20400),(997,3,'行医',409,-1,'链头352',4,80,20450),(998,3,'张某',410,-1,'链头353',4,80,20500),(999,3,'孟凡',411,-1,'链头354',4,80,20550),(1000,3,'诊所',412,-1,'链头355',4,80,20600),(1001,3,'张某',413,-1,'链头356',4,80,20650),(1002,3,'张某',413,-1,'链头356',4,80,20650),(1003,3,'张某',414,-1,'链头358',4,80,20700),(1004,3,'王燕',415,-1,'链头359',4,80,20750),(1005,3,'检查',415,-1,'链头359',4,80,20750),(1006,3,'塘沽',416,-1,'链头361',4,80,20800),(1007,3,'张某',416,-1,'链头361',4,80,20800),(1008,3,'冬天',417,-1,'链头363',4,80,20850),(1009,3,'刘宏',417,-1,'链头363',4,80,20850),(1010,3,'罚款',418,-1,'链头365',4,80,20900),(1011,3,'刘林',418,-1,'链头365',4,80,20900),(1012,3,'举报',419,-1,'链头367',4,80,20950),(1015,3,'张某',422,-1,'联结点64',5,80,21100),(1016,3,'天津',423,-1,'联结点65',5,80,21150),(1017,3,'卫生',424,-1,'联结点66',5,80,21200),(1018,3,'张某',425,-1,'联结点67',5,80,21250),(1019,3,'、天',426,-1,'联结点68',5,80,21300),(1020,3,'津塘',427,-1,'联结点69',5,80,21350),(1021,3,'张某塘沽罚款卫生监督所刘谨钊等人，给其送达了行政处罚决定书111，内容是两项，第一是没收先行保存的药品、器械，并处以五千元的罚款，第二是改正违法行为。',428,-1,'证据83',0,80,21400),(1022,3,'后来检查刘宏找了一个卫生所姓刘的，那人负责医疗卫生检查，每次都是他带人来查，王燕请他吃了饭并先后一共给了4000元钱，目的是为了不交罚款或少交罚款。',429,-1,'证据84',0,80,21450),(1023,3,'其中王燕冬天的一天，王燕给其打电话说塘沽卫生所负责检查非法行医的刘谨钊查到他们诊所了',430,-1,'证据85',0,80,21500),(1024,3,'内容刘林举报证言证实内容基本一致，能互相印证，其证言还证实了 2014年5月21曰、2014年6月间接群众举报对王燕非法行医的地点进行了查处，王燕因涉嫌非法行医被移送到了公安机关。',431,-1,'证据86',0,80,21550),(1025,3,'其是张某行医从2012年开始行医的，在塘沽开办了一个叫天津市塘沽华仁中医药门诊部的个体诊所，诊所有执照，是合法经营。',432,-1,'证据87',0,80,21600),(1026,3,'其开孟凡诊所名称叫天津市滨海新区塘沽孟繁明中医诊所，刘谨钊是塘沽卫生监督所的监督员，负责对他的诊所进行监督检查。',433,-1,'证据88',0,80,21650),(1027,3,'张某',434,-1,'链头368',4,80,21700),(1028,3,'塘沽',435,-1,'链头369',4,80,21750),(1029,3,'罚款',436,-1,'链头370',4,80,21800),(1031,3,'张某',437,-1,'链头371',4,80,21850),(1032,3,'张某',437,-1,'链头371',4,80,21850),(1033,3,'检查',438,-1,'链头373',4,80,21900),(1034,3,'王燕',438,-1,'链头373',4,80,21900),(1035,3,'冬天',439,-1,'链头375',4,80,21950),(1036,3,'刘宏',439,-1,'链头375',4,80,21950),(1037,3,'张某',440,-1,'链头377',4,80,22000),(1038,3,'刘林',441,-1,'链头378',4,80,22050),(1039,3,'张某',442,-1,'链头379',4,80,22100),(1040,3,'举报',442,-1,'链头379',4,80,22100),(1041,3,'塘沽',443,-1,'链头381',4,80,22150),(1042,3,'罚款',444,-1,'链头382',4,80,22200),(1044,3,'张某',446,-1,'联结点70',5,80,22300),(1045,3,'、天',447,-1,'联结点71',5,80,22350),(1046,3,'津塘',448,-1,'联结点72',5,80,22400),(1047,3,'张某塘沽罚款卫生监督所刘谨钊等人，给其送达了行政处罚决定书，内容是两项，第一是没收先行保存的药品、器械，并处以五千元的罚款，第二是改正违法行为。',449,-1,'证据89',0,80,22450),(1048,3,'后来检查刘宏找了一个卫生所姓刘的，那人负责医疗卫生检查，每次都是他带人来查，王燕请他吃了饭并先后一共给了4000元钱，目的是为了不交罚款或少交罚款。',450,-1,'证据90',0,80,22500),(1049,3,'其中王燕冬天的一天，王燕给其打电话说塘沽卫生所负责检查非法行医的刘谨钊查到他们诊所了',451,-1,'证据91',0,80,22550),(1050,3,'张某',452,-1,'链头383',4,80,22600),(1051,3,'塘沽',453,-1,'链头384',4,80,22650),(1052,3,'罚款',454,-1,'链头385',4,80,22700),(1053,3,'张某塘沽罚款卫生监督所刘谨钊等人，给其送达了行政处罚决定书，内容是两项，第一是没收先行保存的药品、器械，并处以五千元的罚款，第二是改正违法行为。',455,-1,'证据92',0,80,22750),(1054,3,'后来检查刘宏找了一个卫生所姓刘的，那人负责医疗卫生检查，每次都是他带人来查，王燕请他吃了饭并先后一共给了4000元钱，目的是为了不交罚款或少交罚款。',456,-1,'证据93',0,80,22800),(1055,3,'其中王燕冬天的一天，王燕给其打电话说塘沽卫生所负责检查非法行医的刘谨钊查到他们诊所了',457,-1,'证据94',0,80,22850),(1056,3,'张某',458,-1,'链头386',4,80,22900),(1057,3,'塘沽',459,-1,'链头387',4,80,22950),(1058,3,'罚款',460,-1,'链头388',4,80,23000),(1059,3,'张某塘沽罚款卫生监督所刘谨钊等人，给其送达了行政处罚决定书，内容是两项，第一是没收先行保存的药品、器械，并处以五千元的罚款，第二是改正违法行为。',461,-1,'证据95',0,80,23050),(1060,3,'后来检查刘宏找了一个卫生所姓刘的，那人负责医疗卫生检查，每次都是他带人来查，王燕请他吃了饭并先后一共给了4000元钱，目的是为了不交罚款或少交罚款。',462,-1,'证据96',0,80,23100),(1061,3,'其中王燕冬天的一天，王燕给其打电话说塘沽卫生所负责检查非法行医的刘谨钊查到他们诊所了',463,-1,'证据97',0,80,23150),(1062,3,'张某',464,-1,'链头389',4,80,23200),(1063,3,'塘沽',465,-1,'链头390',4,80,23250),(1064,3,'罚款',466,-1,'链头391',4,80,23300),(1065,3,'张某塘沽罚款卫生监督所刘谨钊等人，给其送达了行政处罚决定书，内容是两项，第一是没收先行保存的药品、器械，并处以五千元的罚款，第二是改正违法行为。',467,-1,'证据98',0,80,23350),(1066,3,'后来检查刘宏找了一个卫生所姓刘的，那人负责医疗卫生检查，每次都是他带人来查，王燕请他吃了饭并先后一共给了4000元钱，目的是为了不交罚款或少交罚款。',468,-1,'证据99',0,80,23400),(1067,3,'其中王燕冬天的一天，王燕给其打电话说塘沽卫生所负责检查非法行医的刘谨钊查到他们诊所了',469,-1,'证据100',0,80,23450),(1068,3,'张某',470,-1,'链头392',4,80,23500),(1069,3,'塘沽',471,-1,'链头393',4,80,23550),(1070,3,'罚款',472,-1,'链头394',4,80,23600),(1071,3,'张某塘沽罚款卫生监督所刘谨钊等人，给其送达了行政处罚决定书，内容是两项，第一是没收先行保存的药品、器械，并处以五千元的罚款，第二是改正违法行为。',473,-1,'证据101',0,80,23650),(1072,3,'后来检查刘宏找了一个卫生所姓刘的，那人负责医疗卫生检查，每次都是他带人来查，王燕请他吃了饭并先后一共给了4000元钱，目的是为了不交罚款或少交罚款。',474,-1,'证据102',0,80,23700),(1073,3,'其中王燕冬天的一天，王燕给其打电话说塘沽卫生所负责检查非法行医的刘谨钊查到他们诊所了',475,-1,'证据103',0,80,23750),(1074,3,'张某',476,-1,'链头395',4,80,23800),(1075,3,'塘沽',477,-1,'链头396',4,80,23850),(1076,3,'罚款',478,-1,'链头397',4,80,23900),(1077,3,'张某',479,-1,'链头398',4,80,23950),(1078,3,'检查',480,-1,'链头399',4,80,24000),(1079,3,'刘宏',481,-1,'链头400',4,80,24050),(1080,3,'张某',482,-1,'链头401',4,80,24100),(1081,3,'塘沽',483,-1,'链头402',4,80,24150),(1082,3,'罚款',484,-1,'链头403',4,80,24200),(1083,3,'张某塘沽罚款卫生监督所刘谨钊等人，给其送达了行政处罚决定书，内容是两项，第一是没收先行保存的药品、器械，并处以五千元的罚款，第二是改正违法行为。',485,-1,'证据104',0,80,24250),(1084,3,'后来检查刘宏找了一个卫生所姓刘的，那人负责医疗卫生检查，每次都是他带人来查，王燕请他吃了饭并先后一共给了4000元钱，目的是为了不交罚款或少交罚款。',486,-1,'证据105',0,80,24300),(1085,3,'其中王燕冬天的一天，王燕给其打电话说塘沽卫生所负责检查非法行医的刘谨钊查到他们诊所了',487,-1,'证据106',0,80,24350),(1086,3,'张某',488,-1,'链头404',4,80,24400),(1087,3,'塘沽',489,-1,'链头405',4,80,24450),(1088,3,'罚款',490,-1,'链头406',4,80,24500),(1089,3,'张某塘沽罚款卫生监督所刘谨钊等人，给其送达了行政处罚决定书，内容是两项，第一是没收先行保存的药品、器械，并处以五千元的罚款，第二是改正违法行为。',491,-1,'证据107',0,80,24550),(1090,3,'后来检查刘宏找了一个卫生所姓刘的，那人负责医疗卫生检查，每次都是他带人来查，王燕请他吃了饭并先后一共给了4000元钱，目的是为了不交罚款或少交罚款。',492,-1,'证据108',0,80,24600),(1091,3,'其中王燕冬天的一天，王燕给其打电话说塘沽卫生所负责检查非法行医的刘谨钊查到他们诊所了',493,-1,'证据109',0,80,24650),(1092,3,'张某',494,-1,'链头407',4,80,24700),(1093,3,'塘沽',495,-1,'链头408',4,80,24750),(1094,3,'罚款',496,-1,'链头409',4,80,24800),(1095,3,'张某塘沽罚款卫生监督所刘谨钊等人，给其送达了行政处罚决定书，内容是两项，第一是没收先行保存的药品、器械，并处以五千元的罚款，第二是改正违法行为。',497,-1,'证据110',0,80,24850),(1096,3,'后来检查刘宏找了一个卫生所姓刘的，那人负责医疗卫生检查，每次都是他带人来查，王燕请他吃了饭并先后一共给了4000元钱，目的是为了不交罚款或少交罚款。',498,-1,'证据111',0,80,24900),(1097,3,'其中王燕冬天的一天，王燕给其打电话说塘沽卫生所负责检查非法行医的刘谨钊查到他们诊所了',499,-1,'证据112',0,80,24950),(1098,3,'张某',500,-1,'链头410',4,80,25000),(1099,3,'塘沽',501,-1,'链头411',4,80,25050),(1100,3,'罚款',502,-1,'链头412',4,80,25100),(1101,3,'张某塘沽罚款卫生监督所刘谨钊等人，给其送达了行政处罚决定书，内容是两项，第一是没收先行保存的药品、器械，并处以五千元的罚款，第二是改正违法行为。',503,-1,'证据113',0,80,25150),(1102,3,'后来检查刘宏找了一个卫生所姓刘的，那人负责医疗卫生检查，每次都是他带人来查，王燕请他吃了饭并先后一共给了4000元钱，目的是为了不交罚款或少交罚款。',504,-1,'证据114',0,80,25200),(1103,3,'其中王燕冬天的一天，王燕给其打电话说塘沽卫生所负责检查非法行医的刘谨钊查到他们诊所了',505,-1,'证据115',0,80,25250),(1104,3,'张某',506,-1,'链头413',4,80,25300),(1105,3,'塘沽',507,-1,'链头414',4,80,25350),(1106,3,'罚款12',508,-1,'链头415',4,80,25400),(1108,3,'张某',510,-1,'联结点73',5,80,25500),(1109,3,'、天',511,-1,'联结点74',5,80,25550),(1111,3,'张某塘沽罚款卫生监督所刘谨钊等人，给其送达了行政处罚决定书，内容是两项，第一是没收先行保存的药品、器械，并处以五千元的罚款，第二是改正违法行为。',512,-1,'证据116',0,80,25600),(1112,3,'后来检查刘宏找了一个卫生所姓刘的，那人负责医疗卫生检查，每次都是他带人来查，王燕请他吃了饭并先后一共给了4000元钱，目的是为了不交罚款或少交罚款。',513,-1,'证据117',0,80,25650),(1113,3,'其中王燕冬天的一天，王燕给其打电话说塘沽卫生所负责检查非法行医的刘谨钊查到他们诊所了',514,-1,'证据118',0,80,25700),(1114,3,'张某',515,-1,'链头416',4,80,25750),(1115,3,'塘沽',516,-1,'链头417',4,80,25800),(1116,3,'罚款',517,-1,'链头418',4,80,25850),(1117,3,'张某',518,-1,'链头419',4,80,25900),(1118,3,'塘沽',519,-1,'链头420',4,80,25950),(1121,3,'张某',521,-1,'联结点75',5,80,26050),(1122,3,'、天',522,-1,'联结点76',5,80,26100),(1123,3,'津塘',523,-1,'联结点77',5,80,26150),(1124,3,'张某塘沽罚款卫生监督所刘谨钊等人，给其送达了行政处罚决定书，内容是两项，第一是没收先行保存的药品、器械，并处以五千元的罚款，第二是改正违法行为。',524,-1,'证据119',0,80,26200),(1125,3,'后来检查刘宏找了一个卫生所姓刘的，那人负责医疗卫生检查，每次都是他带人来查，王燕请他吃了饭并先后一共给了4000元钱，目的是为了不交罚款或少交罚款。',525,-1,'证据120',0,80,26250),(1126,3,'其中王燕冬天的一天，王燕给其打电话说塘沽卫生所负责检查非法行医的刘谨钊查到他们诊所了',526,-1,'证据121',0,80,26300),(1127,3,'张某',527,-1,'链头421',4,80,26350),(1128,3,'塘沽',528,-1,'链头422',4,80,26400),(1129,3,'罚款',529,-1,'链头423',4,80,26450),(1131,3,'张某',531,-1,'联结点78',5,80,26550),(1132,3,'、天',532,-1,'联结点79',5,80,26600),(1133,3,'津塘',533,-1,'联结点80',5,80,26650),(1135,3,'张某',535,-1,'联结点81',5,80,26750),(1136,3,'、天',536,-1,'联结点82',5,80,26800),(1137,3,'津塘',537,-1,'联结点83',5,80,26850),(1139,3,'张某',539,-1,'联结点84',5,80,26950),(1140,3,'、天',540,-1,'联结点85',5,80,27000),(1141,3,'津塘',541,-1,'联结点86',5,80,27050),(1145,3,'2015年3月6日晚',545,-1,'联结点87',5,80,27250),(1146,3,'王某某',546,-1,'联结点88',5,80,27300),(1147,3,'新友饭店',547,-1,'联结点89',5,80,27350),(1148,3,'荣威轿车',548,-1,'联结点90',5,80,27400),(1149,3,'喝了酒',549,-1,'联结点91',5,80,27450),(1150,3,'1、证人吴秀春在2015年3月7日的证言中陈述到，昨天其丈夫王某某跟其讲不回家吃饭了，其儿子下班后回家了，回家后就再没有出门。',550,-1,'证据122',0,80,27500),(1151,3,'2、证人出租车司机，在2015年3月7日凌晨，在外环往浦东机场匝道口有一辆深色的轿车，在车辆边上，车旁就一个人好像没其他人，不像喝过酒的样子。',551,-1,'证据123',0,80,27550),(1152,3,'3、道路交通事故现场图及照片、事故现场勘查笔录、当事人血样提取登记表、物损评估意见书、司法鉴定科学技术研究所司法鉴定中心检验报告书，证实车辆事故现场情况、车辆物损情况及被告人王某某血液中乙醇含量为1．69毫克／毫升。',552,-1,'证据124',0,80,27600),(1153,3,'吴秀春',553,-1,'链头424',4,80,27650),(1154,3,'王某某',554,-1,'链头425',4,80,27700),(1155,3,'儿子',555,-1,'链头426',4,80,27750),(1156,3,'2015年3月7日',556,-1,'链头427',4,80,27800),(1157,3,'没有出门',557,-1,'链头428',4,80,27850),(1158,3,'出租车司机',558,-1,'链头429',4,80,27900),(1159,3,'2015年3月7日凌晨',559,-1,'链头430',4,80,27950),(1160,3,'外环往浦东机场匝道口',560,-1,'链头431',4,80,28000),(1161,3,'深色的轿车',561,-1,'链头432',4,80,28050),(1162,3,'一个人',562,-1,'链头433',4,80,28100),(1163,3,'不像喝过酒的样子',563,-1,'链头434',4,80,28150),(1164,3,'检验报告书',564,-1,'链头435',4,80,28200),(1165,3,'王某某',565,-1,'链头436',4,80,28250),(1166,3,'1.69毫克/毫升',566,-1,'链头437',4,80,28300),(1167,3,'血液乙醇含量',567,-1,'链头438',4,80,28350),(1168,3,'1、查获经过及案发经过，证实在2015年3月7日3时许，在罗山路进外环高速往浦东机场方向的匝道上一辆沪ARXXXX荣威轿车发生单车事故，王某某称车辆由其儿子王永磊出门驾驶。',568,-1,'证据125',0,80,28400),(1169,3,'2、证人沈某某的证言，证实2015年3月6日晚，其召集了老同事王某某等人一起在新友饭店吃饭，王某某喝了酒，大约到晚上10时30分许结束，当天其和王某某一起离开了新友饭店，当天吃饭期间，讲到谁喝酒，谁就不要开车，当时王某某讲已安排好了。',569,-1,'证据126',0,80,28450),(1170,3,'3、证人浦某某的证言，证实2015年3月6日晚上10时左右，其在新友饭店参加朋友沈某某的聚餐，沈某某讲喝了酒不要开车叫代驾，王某某讲已安排好人开车了，后来其也看到王某某好像朝车库走，后面好像跟了一个人。',570,-1,'证据127',0,80,28500),(1171,3,'2015年3月7日3时',571,-1,'链头439',4,80,28550),(1172,3,'王某某',572,-1,'链头440',4,80,28600),(1173,3,'儿子',573,-1,'链头441',4,80,28650),(1174,3,'出门',574,-1,'链头442',4,80,28700),(1175,3,'驾驶',575,-1,'链头443',4,80,28750),(1176,3,'荣威轿车',576,-1,'链头444',4,80,28800),(1177,3,'沈某某',577,-1,'链头445',4,80,28850),(1178,3,'王某某',578,-1,'链头446',4,80,28900),(1179,3,'新友饭店',579,-1,'链头447',4,80,28950),(1180,3,'2015年3月6日晚10时30分',580,-1,'链头448',4,80,29000),(1181,3,'已安排好',581,-1,'链头449',4,80,29050),(1182,3,'喝了酒',582,-1,'链头450',4,80,29100),(1183,3,'浦某某',583,-1,'链头451',4,80,29150),(1184,3,'2015年3月6日晚上10时左右',584,-1,'链头452',4,80,29200),(1185,3,'王某某',585,-1,'链头453',4,80,29250),(1186,3,'新友饭店',586,-1,'链头454',4,80,29300),(1187,3,'沈某某',587,-1,'链头455',4,80,29350),(1188,3,'后面跟人',588,-1,'链头456',4,80,29400),(1189,3,'检验报告书',589,-1,'链头457',4,80,29450),(1190,3,'出租车司机',590,-1,'链头458',4,80,29500),(1191,3,'吴秀春',590,-1,'链头458',4,80,29500),(1192,3,'王某某',590,-1,'链头458',4,80,29500),(1193,3,'王某某',591,-1,'链头461',4,80,29550),(1194,3,'2015年3月7日凌晨',591,-1,'链头461',4,80,29550),(1195,3,'1.69毫克/毫升',591,-1,'链头461',4,80,29550),(1196,3,'外环往浦东机场匝道口',592,-1,'链头464',4,80,29600),(1197,3,'血液乙醇含量',593,-1,'链头465',4,80,29650),(1198,3,'儿子',593,-1,'链头465',4,80,29650),(1199,3,'2015年3月7日',594,-1,'链头467',4,80,29700),(1200,3,'深色的轿车',594,-1,'链头467',4,80,29700),(1201,3,'一个人',595,-1,'链头469',4,80,29750),(1202,3,'没有出门',595,-1,'链头469',4,80,29750),(1203,3,'不像喝过酒的样子',596,-1,'链头471',4,80,29800),(1204,3,'2015年3月7日3时',596,-1,'链头471',4,80,29800),(1205,3,'王某某',597,-1,'链头473',4,80,29850),(1206,3,'儿子',598,-1,'链头474',4,80,29900),(1207,3,'出门',599,-1,'链头475',4,80,29950),(1208,3,'驾驶',600,-1,'链头476',4,80,30000),(1209,3,'荣威轿车',601,-1,'链头477',4,80,30050),(1210,3,'浦某某',602,-1,'链头478',4,80,30100),(1211,3,'沈某某',602,-1,'链头478',4,80,30100),(1212,3,'王某某',603,-1,'链头480',4,80,30150),(1213,3,'2015年3月6日晚上10时左右',603,-1,'链头480',4,80,30150),(1214,3,'王某某',604,-1,'链头482',4,80,30200),(1215,3,'新友饭店',604,-1,'链头482',4,80,30200),(1216,3,'2015年3月6日晚10时30分',605,-1,'链头484',4,80,30250),(1217,3,'新友饭店',605,-1,'链头484',4,80,30250),(1218,3,'已安排好',606,-1,'链头486',4,80,30300),(1219,3,'沈某某',606,-1,'链头486',4,80,30300),(1220,3,'喝了酒',607,-1,'链头488',4,80,30350),(1221,3,'后面跟人',607,-1,'链头488',4,80,30350),(1225,3,'2015年3月6日晚',611,-1,'联结点92',5,80,30550),(1226,3,'王某某',612,-1,'联结点93',5,80,30600),(1227,3,'新友饭店',613,-1,'联结点94',5,80,30650),(1228,3,'荣威轿车',614,-1,'联结点95',5,80,30700),(1229,3,'喝了酒',615,-1,'联结点96',5,80,30750),(1230,3,'王某某',616,-1,'联结点97',5,80,30800),(1231,3,'血液乙醇含量',617,-1,'联结点98',5,80,30850),(1232,3,'1.69毫克/毫升',618,-1,'联结点99',5,80,30900),(1233,3,'3月7日3时',619,-1,'联结点100',5,80,30950),(1234,3,'王某某',620,-1,'联结点101',5,80,31000),(1235,3,'他人帮助',621,-1,'联结点102',5,80,31050),(1236,3,'民警',622,-1,'联结点103',5,80,31100),(1240,3,'2015年3月6日晚',626,-1,'联结点104',5,80,31300),(1241,3,'王某某',627,-1,'联结点105',5,80,31350),(1242,3,'新友饭店',628,-1,'联结点106',5,80,31400),(1243,3,'荣威轿车',629,-1,'联结点107',5,80,31450),(1244,3,'喝了酒',630,-1,'联结点108',5,80,31500),(1245,3,'王某某',631,-1,'联结点109',5,80,31550),(1246,3,'血液乙醇含量',632,-1,'联结点110',5,80,31600),(1247,3,'1.69毫克/毫升',633,-1,'联结点111',5,80,31650),(1248,3,'3月7日3时',634,-1,'联结点112',5,80,31700),(1249,3,'王某某',635,-1,'联结点113',5,80,31750),(1250,3,'他人帮助',636,-1,'联结点114',5,80,31800),(1251,3,'民警',637,-1,'联结点115',5,80,31850),(1252,3,'吴秀春',638,-1,'链头490',4,80,31900),(1253,3,'2015年3月7日3时',638,-1,'链头490',4,80,31900),(1254,3,'王某某',639,-1,'链头492',4,80,31950),(1255,3,'王某某',639,-1,'链头492',4,80,31950),(1256,3,'儿子',640,-1,'链头494',4,80,32000),(1257,3,'儿子',641,-1,'链头495',4,80,32050),(1258,3,'2015年3月7日',641,-1,'链头496',4,80,32050),(1259,3,'出门',642,-1,'链头497',4,80,32100),(1260,3,'没有出门',642,-1,'链头497',4,80,32100),(1261,3,'驾驶',643,-1,'链头499',4,80,32150),(1262,3,'荣威轿车',644,-1,'链头500',4,80,32200),(1263,3,'1、证人吴秀春在2015年3月7日的证言中陈述到，昨天其丈夫王某某跟其讲不回家吃饭了，其儿子下班后回家了，回家后就再没有出门。',645,-1,'证据128',0,80,32250),(1264,3,'2、证人出租车司机，在2015年3月7日凌晨，在外环往浦东机场匝道口有一辆深色的轿车，在车辆边上，车旁就一个人好像没其他人，不像喝过酒的样子。',646,-1,'证据129',0,80,32300),(1265,3,'3、道路交通事故现场图及照片、事故现场勘查笔录、当事人血样提取登记表、物损评估意见书、司法鉴定科学技术研究所司法鉴定中心检验报告书，证实车辆事故现场情况、车辆物损情况及被告人王某某血液中乙醇含量为1．69毫克／毫升。',647,-1,'证据130',0,80,32350),(1266,3,'吴秀春',648,-1,'链头501',4,80,32400),(1267,3,'王某某',649,-1,'链头502',4,80,32450),(1268,3,'儿子',650,-1,'链头503',4,80,32500),(1269,3,'2015年3月7日',651,-1,'链头504',4,80,32550),(1270,3,'没有出门',652,-1,'链头505',4,80,32600),(1271,3,'出租车司机',653,-1,'链头506',4,80,32650),(1272,3,'2015年3月7日凌晨',654,-1,'链头507',4,80,32700),(1273,3,'外环往浦东机场匝道口',655,-1,'链头508',4,80,32750),(1274,3,'深色的轿车',656,-1,'链头509',4,80,32800),(1275,3,'一个人',657,-1,'链头510',4,80,32850),(1276,3,'不像喝过酒的样子',658,-1,'链头511',4,80,32900),(1277,3,'检验报告书',659,-1,'链头512',4,80,32950),(1278,3,'王某某',660,-1,'链头513',4,80,33000),(1279,3,'1.69毫克/毫升',661,-1,'链头514',4,80,33050),(1280,3,'血液乙醇含量',662,-1,'链头515',4,80,33100),(1281,3,'1、查获经过及案发经过，证实在2015年3月7日3时许，在罗山路进外环高速往浦东机场方向的匝道上一辆沪ARXXXX荣威轿车发生单车事故，王某某称车辆由其儿子王永磊出门驾驶。',663,-1,'证据131',0,80,33150),(1282,3,'2、证人沈某某的证言，证实2015年3月6日晚，其召集了老同事王某某等人一起在新友饭店吃饭，王某某喝了酒，大约到晚上10时30分许结束，当天其和王某某一起离开了新友饭店，当天吃饭期间，讲到谁喝酒，谁就不要开车，当时王某某讲已安排好了。',664,-1,'证据132',0,80,33200),(1283,3,'3、证人浦某某的证言，证实2015年3月6日晚上10时左右，其在新友饭店参加朋友沈某某的聚餐，沈某某讲喝了酒不要开车叫代驾，王某某讲已安排好人开车了，后来其也看到王某某好像朝车库走，后面好像跟了一个人。',665,-1,'证据133',0,80,33250),(1284,3,'2015年3月7日3时',666,-1,'链头516',4,80,33300),(1285,3,'王某某',667,-1,'链头517',4,80,33350),(1286,3,'儿子',668,-1,'链头518',4,80,33400),(1287,3,'出门',669,-1,'链头519',4,80,33450),(1288,3,'驾驶',670,-1,'链头520',4,80,33500),(1289,3,'荣威轿车',671,-1,'链头521',4,80,33550),(1290,3,'沈某某',672,-1,'链头522',4,80,33600),(1291,3,'王某某',673,-1,'链头523',4,80,33650),(1292,3,'新友饭店',674,-1,'链头524',4,80,33700),(1293,3,'2015年3月6日晚10时30分',675,-1,'链头525',4,80,33750),(1294,3,'已安排好',676,-1,'链头526',4,80,33800),(1295,3,'喝了酒',677,-1,'链头527',4,80,33850),(1296,3,'浦某某',678,-1,'链头528',4,80,33900),(1297,3,'2015年3月6日晚上10时左右',679,-1,'链头529',4,80,33950),(1298,3,'王某某',680,-1,'链头530',4,80,34000),(1299,3,'新友饭店',681,-1,'链头531',4,80,34050),(1300,3,'沈某某',682,-1,'链头532',4,80,34100),(1301,3,'后面跟人',683,-1,'链头533',4,80,34150),(1302,3,'吴秀春',684,-1,'链头534',4,80,34200),(1303,3,'2015年3月7日3时',684,-1,'链头534',4,80,34200),(1304,3,'王某某',685,-1,'链头536',4,80,34250),(1305,3,'王某某',685,-1,'链头536',4,80,34250),(1306,3,'出租车司机',685,-1,'链头538',4,80,34250),(1307,3,'儿子',686,-1,'链头539',4,80,34300),(1308,3,'儿子',686,-1,'链头539',4,80,34300),(1309,3,'2015年3月7日凌晨',686,-1,'链头540',4,80,34300),(1310,3,'检验报告书',687,-1,'链头541',4,80,34350),(1311,3,'2015年3月7日',688,-1,'链头543',4,80,34400),(1312,3,'出门',688,-1,'链头543',4,80,34400),(1313,3,'外环往浦东机场匝道口',688,-1,'链头543',4,80,34400),(1314,3,'王某某',689,-1,'链头545',4,80,34450),(1315,3,'没有出门',690,-1,'链头547',4,80,34500),(1316,3,'驾驶',689,-1,'链头547',4,80,34450),(1317,3,'深色的轿车',690,-1,'链头548',4,80,34500),(1318,3,'1.69毫克/毫升',691,-1,'链头549',4,80,34550),(1319,3,'荣威轿车',691,-1,'链头551',4,80,34550),(1320,3,'一个人',692,-1,'链头551',4,80,34600),(1321,3,'血液乙醇含量',692,-1,'链头552',4,80,34600),(1322,3,'不像喝过酒的样子',693,-1,'链头554',4,80,34650),(1323,3,'浦某某',694,-1,'链头555',4,80,34700),(1324,3,'沈某某',694,-1,'链头555',4,80,34700),(1325,3,'2015年3月6日晚上10时左右',695,-1,'链头557',4,80,34750),(1326,3,'王某某',695,-1,'链头557',4,80,34750),(1327,3,'新友饭店',696,-1,'链头559',4,80,34800),(1328,3,'王某某',696,-1,'链头559',4,80,34800),(1329,3,'2015年3月6日晚10时30分',697,-1,'链头561',4,80,34850),(1330,3,'新友饭店',697,-1,'链头561',4,80,34850),(1331,3,'已安排好',698,-1,'链头563',4,80,34900),(1332,3,'沈某某',698,-1,'链头563',4,80,34900),(1333,3,'喝了酒',699,-1,'链头565',4,80,34950),(1334,3,'后面跟人',699,-1,'链头565',4,80,34950),(1335,3,'检验报告书',700,-1,'链头567',4,80,35000),(1336,3,'出租车司机',701,-1,'链头568',4,80,35050),(1337,3,'王某某',702,-1,'链头569',4,80,35100),(1338,3,'2015年3月7日凌晨',703,-1,'链头570',4,80,35150),(1339,3,'1.69毫克/毫升',704,-1,'链头571',4,80,35200),(1340,3,'外环往浦东机场匝道口',705,-1,'链头572',4,80,35250),(1341,3,'血液乙醇含量',705,-1,'链头572',4,80,35250),(1342,3,'深色的轿车',706,-1,'链头574',4,80,35300),(1343,3,'一个人',707,-1,'链头575',4,80,35350),(1344,3,'不像喝过酒的样子',708,-1,'链头576',4,80,35400),(1348,3,'1、证人吴秀春在2015年3月7日的证言中陈述到，昨天其丈夫王某某跟其讲不回家吃饭了，其儿子下班后回家了，回家后就再没有出门。',712,-1,'证据134',0,80,35600),(1349,3,'2、证人出租车司机，在2015年3月7日凌晨，在外环往浦东机场匝道口有一辆深色的轿车，在车辆边上，车旁就一个人好像没其他人，不像喝过酒的样子。',713,-1,'证据135',0,80,35650),(1350,3,'3、道路交通事故现场图及照片、事故现场勘查笔录、当事人血样提取登记表、物损评估意见书、司法鉴定科学技术研究所司法鉴定中心检验报告书，证实车辆事故现场情况、车辆物损情况及被告人王某某血液中乙醇含量为1．69毫克／毫升。',714,-1,'证据136',0,80,35700),(1351,3,'1、证人吴秀春在2015年3月7日的证言中陈述到，昨天其丈夫王某某跟其讲不回家吃饭了，其儿子下班后回家了，回家后就再没有出门。',715,-1,'证据137',0,80,35750),(1352,3,'2、证人出租车司机，在2015年3月7日凌晨，在外环往浦东机场匝道口有一辆深色的轿车，在车辆边上，车旁就一个人好像没其他人，不像喝过酒的样子。',716,-1,'证据138',0,80,35800),(1353,3,'3、道路交通事故现场图及照片、事故现场勘查笔录、当事人血样提取登记表、物损评估意见书、司法鉴定科学技术研究所司法鉴定中心检验报告书，证实车辆事故现场情况、车辆物损情况及被告人王某某血液中乙醇含量为1．69毫克／毫升。',717,-1,'证据139',0,80,35850),(1354,3,'1、证人吴秀春在2015年3月7日的证言中陈述到，昨天其丈夫王某某跟其讲不回家吃饭了，其儿子下班后回家了，回家后就再没有出门.',718,-1,'证据140',0,80,35900),(1355,3,'2、证人出租车司机，在2015年3月7日凌晨，在外环往浦东机场匝道口有一辆深色的轿车，在车辆边上，车旁就一个人好像没其他人，不像喝过酒的样子',719,-1,'证据141',0,80,35950),(1356,3,'3、道路交通事故现场图及照片、事故现场勘查笔录、当事人血样提取登记表、物损评估意见书、司法鉴定科学技术研究所司法鉴定中心检验报告书，证实车辆事故现场情况、车辆物损情况及被告人王某某血液中乙醇含量为1．69毫克／毫升。',720,-1,'证据142',0,80,36000),(1357,3,'1、查获经过及案发经过，证实在2015年3月7日3时许，在罗山路进外环高速往浦东机场方向的匝道上一辆沪ARXXXX荣威轿车发生单车事故，王某某称车辆由其儿子王永磊出门驾驶。',721,-1,'证据143',0,80,36050),(1358,3,'2、证人沈某某的证言，证实2015年3月6日晚，其召集了老同事王某某等人一起在新友饭店吃饭，王某某喝了酒，大约到晚上10时30分许结束，当天其和王某某一起离开了新友饭店，当天吃饭期间，讲到谁喝酒，谁就不要开车，当时王某某讲已安排好了。',722,-1,'证据144',0,80,36100),(1359,3,'3、证人浦某某的证言，证实2015年3月6日晚上10时左右，其在新友饭店参加朋友沈某某的聚餐，沈某某讲喝了酒不要开车叫代驾，王某某讲已安排好人开车了，后来其也看到王某某好像朝车库走，后面好像跟了一个人。',723,-1,'证据145',0,80,36150),(1360,3,'吴秀春',724,-1,'链头577',4,80,36200),(1361,3,'王某某',725,-1,'链头578',4,80,36250),(1362,3,'儿子',726,-1,'链头579',4,80,36300),(1363,3,'2015年3月7日',727,-1,'链头580',4,80,36350),(1364,3,'没有出门',728,-1,'链头581',4,80,36400),(1365,3,'出租车司机',729,-1,'链头582',4,80,36450),(1366,3,'2015年3月7日凌晨',730,-1,'链头583',4,80,36500),(1367,3,'外环往浦东机场匝道口',731,-1,'链头584',4,80,36550),(1368,3,'深色的轿车',732,-1,'链头585',4,80,36600),(1369,3,'一个人',733,-1,'链头586',4,80,36650),(1370,3,'不像喝过酒的样子',734,-1,'链头587',4,80,36700),(1371,3,'检验报告书',735,-1,'链头588',4,80,36750),(1372,3,'王某某',736,-1,'链头589',4,80,36800),(1373,3,'1.69毫克/毫升',737,-1,'链头590',4,80,36850),(1374,3,'血液乙醇含量',738,-1,'链头591',4,80,36900),(1375,3,'2015年3月7日3时',739,-1,'链头592',4,80,36950),(1376,3,'王某某',740,-1,'链头593',4,80,37000),(1377,3,'儿子',741,-1,'链头594',4,80,37050),(1378,3,'出门',742,-1,'链头595',4,80,37100),(1379,3,'驾驶',743,-1,'链头596',4,80,37150),(1380,3,'荣威轿车',744,-1,'链头597',4,80,37200),(1381,3,'沈某某',745,-1,'链头598',4,80,37250),(1382,3,'王某某',746,-1,'链头599',4,80,37300),(1383,3,'新友饭店',747,-1,'链头600',4,80,37350),(1384,3,'2015年3月6日晚10时30分',748,-1,'链头601',4,80,37400),(1385,3,'已安排好',749,-1,'链头602',4,80,37450),(1386,3,'喝了酒',750,-1,'链头603',4,80,37500),(1387,3,'浦某某',751,-1,'链头604',4,80,37550),(1388,3,'2015年3月6日晚上10时左右',752,-1,'链头605',4,80,37600),(1389,3,'王某某',753,-1,'链头606',4,80,37650),(1390,3,'新友饭店',754,-1,'链头607',4,80,37700),(1391,3,'沈某某',755,-1,'链头608',4,80,37750),(1392,3,'后面跟人',756,-1,'链头609',4,80,37800),(1393,3,'检验报告书',757,-1,'链头610',4,80,37850),(1394,3,'出租车司机',758,-1,'链头611',4,80,37900),(1395,3,'王某某',758,-1,'链头611',4,80,37900),(1396,3,'吴秀春',758,-1,'链头612',4,80,37900),(1397,3,'2015年3月7日凌晨',759,-1,'链头614',4,80,37950),(1398,3,'1.69毫克/毫升',759,-1,'链头614',4,80,37950),(1399,3,'王某某',759,-1,'链头614',4,80,37950),(1400,3,'外环往浦东机场匝道口',760,-1,'链头617',4,80,38000),(1401,3,'血液乙醇含量',760,-1,'链头617',4,80,38000),(1402,3,'儿子',760,-1,'链头617',4,80,38000),(1403,3,'深色的轿车',761,-1,'链头620',4,80,38050),(1404,3,'2015年3月7日3时',761,-1,'链头620',4,80,38050),(1405,3,'2015年3月7日',761,-1,'链头620',4,80,38050),(1406,3,'一个人',762,-1,'链头623',4,80,38100),(1407,3,'王某某',762,-1,'链头623',4,80,38100),(1408,3,'没有出门',762,-1,'链头623',4,80,38100),(1409,3,'儿子',763,-1,'链头626',4,80,38150),(1410,3,'不像喝过酒的样子',763,-1,'链头626',4,80,38150),(1411,3,'出门',764,-1,'链头628',4,80,38200),(1412,3,'驾驶',765,-1,'链头629',4,80,38250),(1413,3,'荣威轿车',766,-1,'链头630',4,80,38300),(1417,3,'2015年3月6日晚',770,-1,'联结点116',5,80,38500),(1418,3,'王某某',771,-1,'联结点117',5,80,38550),(1419,3,'新友饭店',772,-1,'联结点118',5,80,38600),(1420,3,'荣威轿车',773,-1,'联结点119',5,80,38650),(1421,3,'喝了酒',774,-1,'联结点120',5,80,38700),(1422,3,'王某某',775,-1,'联结点121',5,80,38750),(1423,3,'血液乙醇含量',776,-1,'联结点122',5,80,38800),(1424,3,'1.69毫克/毫升',777,-1,'联结点123',5,80,38850),(1425,3,'3月7日3时',778,-1,'联结点124',5,80,38900),(1426,3,'王某某',779,-1,'联结点125',5,80,38950),(1427,3,'他人帮助',780,-1,'联结点126',5,80,39000),(1428,3,'民警',781,-1,'联结点127',5,80,39050),(1429,3,'《刑法》第一百三十三条之一 ',782,-1,'结论1',3,80,39100),(1430,3,'在道路上驾驶机动车追逐竞驶，情节恶劣的，或者在道路上醉酒驾驶机动车的，处拘役，并处罚金。',783,-1,'链头631',4,80,39150),(1431,3,'道路交通安全法第九十一条 ',784,-1,'结论2',3,80,39200),(1432,3,'饮酒后驾驶机动车的，处暂扣六个月机动车驾驶证，并处一千元以上二千元以下罚款。因饮酒后驾驶机动车被处罚，再次饮酒后驾驶机动车的，处十日以下拘留，并处一千元以上二千元以下罚款，吊销机动车驾驶证。',785,-1,'链头632',4,80,39250),(1433,3,'刑法第五十二条 ',786,-1,'结论3',3,80,39300),(1434,3,'无论是刑法分则明确规定了罚金刑幅度的，还是没有明确规定罚金刑幅度的，判处罚金刑时都应当根据犯罪情节决定罚金数额。主要看犯罪分子罪行的危害程度，主观恶性的大小，手段是否恶劣，非法所得的多少，后果是否严重等等。一般说来，情节严重的，罚金数额应当多些，情节较轻的，罚金数额应当少些，以做到罪刑相适应，使犯罪分子不在经济上占到便宜。同时犯罪分子经济负担能力也是一个考虑的因素。',787,-1,'链头633',4,80,39350),(1435,3,'1、证人吴秀春在2015年3月7日的证言中陈述到，昨天其丈夫王某某跟其讲不回家吃饭了，其儿子下班后回家了，回家后就再没有出门。',788,-1,'证据146',0,80,39400),(1436,3,'2、证人出租车司机，在2015年3月7日凌晨，在外环往浦东机场匝道口有一辆深色的轿车，在车辆边上，车旁就一个人好像没其他人，不像喝过酒的样子。',789,-1,'证据147',0,80,39450),(1437,3,'3、道路交通事故现场图及照片、事故现场勘查笔录、当事人血样提取登记表、物损评估意见书、司法鉴定科学技术研究所司法鉴定中心检验报告书，证实车辆事故现场情况、车辆物损情况及被告人王某某血液中乙醇含量为1．69毫克／毫升。',790,-1,'证据148',0,80,39500),(1438,3,'吴秀春',791,-1,'链头634',4,80,39550),(1439,3,'王某某',792,-1,'链头635',4,80,39600),(1440,3,'儿子',793,-1,'链头636',4,80,39650),(1441,3,'2015年3月7日',794,-1,'链头637',4,80,39700),(1442,3,'没有出门',795,-1,'链头638',4,80,39750),(1443,3,'出租车司机',796,-1,'链头639',4,80,39800),(1444,3,'2015年3月7日凌晨',797,-1,'链头640',4,80,39850),(1445,3,'外环往浦东机场匝道口',798,-1,'链头641',4,80,39900),(1446,3,'深色的轿车',799,-1,'链头642',4,80,39950),(1447,3,'一个人',800,-1,'链头643',4,80,40000),(1448,3,'不像喝过酒的样子',801,-1,'链头644',4,80,40050),(1449,3,'检验报告书',802,-1,'链头645',4,80,40100),(1450,3,'王某某',803,-1,'链头646',4,80,40150),(1451,3,'1.69毫克/毫升',804,-1,'链头647',4,80,40200),(1452,3,'血液乙醇含量',805,-1,'链头648',4,80,40250),(1453,3,'1、查获经过及案发经过，证实在2015年3月7日3时许，在罗山路进外环高速往浦东机场方向的匝道上一辆沪ARXXXX荣威轿车发生单车事故，王某某称车辆由其儿子王永磊出门驾驶。',806,-1,'证据149',0,80,40300),(1454,3,'2、证人沈某某的证言，证实2015年3月6日晚，其召集了老同事王某某等人一起在新友饭店吃饭，王某某喝了酒，大约到晚上10时30分许结束，当天其和王某某一起离开了新友饭店，当天吃饭期间，讲到谁喝酒，谁就不要开车，当时王某某讲已安排好了。',807,-1,'证据150',0,80,40350),(1455,3,'3、证人浦某某的证言，证实2015年3月6日晚上10时左右，其在新友饭店参加朋友沈某某的聚餐，沈某某讲喝了酒不要开车叫代驾，王某某讲已安排好人开车了，后来其也看到王某某好像朝车库走，后面好像跟了一个人。',808,-1,'证据151',0,80,40400),(1456,3,'2015年3月7日3时',809,-1,'链头649',4,80,40450),(1457,3,'王某某',810,-1,'链头650',4,80,40500),(1458,3,'儿子',811,-1,'链头651',4,80,40550),(1459,3,'出门',812,-1,'链头652',4,80,40600),(1460,3,'驾驶',813,-1,'链头653',4,80,40650),(1461,3,'荣威轿车',814,-1,'链头654',4,80,40700),(1462,3,'沈某某',815,-1,'链头655',4,80,40750),(1463,3,'王某某',816,-1,'链头656',4,80,40800),(1464,3,'新友饭店',817,-1,'链头657',4,80,40850),(1465,3,'2015年3月6日晚10时30分',818,-1,'链头658',4,80,40900),(1466,3,'已安排好',819,-1,'链头659',4,80,40950),(1467,3,'喝了酒',820,-1,'链头660',4,80,41000),(1468,3,'浦某某',821,-1,'链头661',4,80,41050),(1469,3,'2015年3月6日晚上10时左右',822,-1,'链头662',4,80,41100),(1470,3,'王某某',823,-1,'链头663',4,80,41150),(1471,3,'新友饭店',824,-1,'链头664',4,80,41200),(1472,3,'沈某某',825,-1,'链头665',4,80,41250),(1473,3,'后面跟人',826,-1,'链头666',4,80,41300),(1474,3,'吴秀春',827,-1,'链头667',4,80,41350),(1475,3,'2015年3月7日3时',827,-1,'链头667',4,80,41350),(1476,3,'王某某',828,-1,'链头669',4,80,41400),(1477,3,'王某某',828,-1,'链头669',4,80,41400),(1478,3,'儿子',829,-1,'链头671',4,80,41450),(1479,3,'儿子',829,-1,'链头671',4,80,41450),(1480,3,'2015年3月7日',830,-1,'链头673',4,80,41500),(1481,3,'出门',830,-1,'链头673',4,80,41500),(1482,3,'出租车司机',830,-1,'链头673',4,80,41500),(1483,3,'2015年3月7日凌晨',831,-1,'链头676',4,80,41550),(1484,3,'没有出门',831,-1,'链头676',4,80,41550),(1485,3,'驾驶',831,-1,'链头676',4,80,41550),(1486,3,'荣威轿车',832,-1,'链头679',4,80,41600),(1487,3,'外环往浦东机场匝道口',832,-1,'链头679',4,80,41600),(1488,3,'深色的轿车',833,-1,'链头681',4,80,41650),(1489,3,'一个人',834,-1,'链头682',4,80,41700),(1490,3,'检验报告书',835,-1,'链头683',4,80,41750),(1491,3,'不像喝过酒的样子',835,-1,'链头683',4,80,41750),(1492,3,'王某某',836,-1,'链头685',4,80,41800),(1493,3,'1.69毫克/毫升',837,-1,'链头686',4,80,41850),(1494,3,'血液乙醇含量',838,-1,'链头687',4,80,41900),(1495,3,'沈某某',839,-1,'链头688',4,80,41950),(1496,3,'浦某某',840,-1,'链头689',4,80,42000),(1497,3,'王某某',841,-1,'链头690',4,80,42050),(1498,3,'2015年3月6日晚上10时左右',841,-1,'链头690',4,80,42050),(1499,3,'王某某',842,-1,'链头692',4,80,42100),(1500,3,'新友饭店',842,-1,'链头692',4,80,42100),(1501,3,'2015年3月6日晚10时30分',843,-1,'链头694',4,80,42150),(1502,3,'新友饭店',843,-1,'链头694',4,80,42150),(1503,3,'沈某某',844,-1,'链头696',4,80,42200),(1504,3,'已安排好',844,-1,'链头696',4,80,42200),(1505,3,'后面跟人',845,-1,'链头698',4,80,42250),(1506,3,'喝了酒',845,-1,'链头698',4,80,42250),(1507,3,'检验报告书',846,-1,'链头700',4,80,42300),(1508,3,'出租车司机',847,-1,'链头701',4,80,42350),(1509,3,'王某某',848,-1,'链头702',4,80,42400),(1510,3,'2015年3月7日凌晨',849,-1,'链头703',4,80,42450),(1511,3,'1.69毫克/毫升',850,-1,'链头704',4,80,42500),(1512,3,'外环往浦东机场匝道口',851,-1,'链头705',4,80,42550),(1513,3,'血液乙醇含量',852,-1,'链头706',4,80,42600),(1514,3,'深色的轿车',853,-1,'链头707',4,80,42650),(1515,3,'一个人',854,-1,'链头708',4,80,42700),(1516,3,'不像喝过酒的样子',855,-1,'链头709',4,80,42750),(1520,3,'2015年3月6日晚',859,-1,'联结点128',5,80,42950),(1521,3,'王某某',860,-1,'联结点129',5,80,43000),(1522,3,'新友饭店',861,-1,'联结点130',5,80,43050),(1523,3,'荣威轿车',862,-1,'联结点131',5,80,43100),(1524,3,'喝了酒',863,-1,'联结点132',5,80,43150),(1525,3,'王某某',864,-1,'联结点133',5,80,43200),(1526,3,'血液乙醇含量',865,-1,'联结点134',5,80,43250),(1527,3,'1.69毫克/毫升',866,-1,'联结点135',5,80,43300),(1528,3,'3月7日3时',867,-1,'联结点136',5,80,43350),(1529,3,'王某某',868,-1,'联结点137',5,80,43400),(1530,3,'他人帮助',869,-1,'联结点138',5,80,43450),(1531,3,'民警',870,-1,'联结点139',5,80,43500),(1532,3,'道路交通安全法第九十一条 ',871,-1,'结论4',3,80,43550),(1533,3,'饮酒后驾驶机动车的，处暂扣六个月机动车驾驶证，并处一千元以上二千元以下罚款。因饮酒后驾驶机动车被处罚，再次饮酒后驾驶机动车的，处十日以下拘留，并处一千元以上二千元以下罚款，吊销机动车驾驶证。',872,-1,'链头710',4,80,43600),(1534,3,'道路交通安全法第九十一条 ',873,-1,'法条1',2,80,43650),(1535,3,'结论',874,-1,'结论5',3,80,43700),(1536,3,'刑法第五十二条 ',875,-1,'法条2',2,80,43750),(1537,3,'结论',876,-1,'结论6',3,80,43800),(1538,3,'1、证人吴秀春在2015年3月7日的证言中陈述到，昨天其丈夫王某某跟其讲不回家吃饭了，其儿子下班后回家了，回家后就再没有出门。',877,-1,'证据152',0,80,43850),(1539,3,'2、证人出租车司机，在2015年3月7日凌晨，在外环往浦东机场匝道口有一辆深色的轿车，在车辆边上，车旁就一个人好像没其他人，不像喝过酒的样子。',878,-1,'证据153',0,80,43900),(1540,3,'3、道路交通事故现场图及照片、事故现场勘查笔录、当事人血样提取登记表、物损评估意见书、司法鉴定科学技术研究所司法鉴定中心检验报告书，证实车辆事故现场情况、车辆物损情况及被告人王某某血液中乙醇含量为1．69毫克／毫升。',879,-1,'证据154',0,80,43950),(1541,3,'吴秀春',880,-1,'链头711',4,80,44000),(1542,3,'王某某',881,-1,'链头712',4,80,44050),(1543,3,'儿子',882,-1,'链头713',4,80,44100),(1544,3,'2015年3月7日',883,-1,'链头714',4,80,44150),(1545,3,'没有出门',884,-1,'链头715',4,80,44200),(1546,3,'出租车司机',885,-1,'链头716',4,80,44250),(1547,3,'2015年3月7日凌晨',886,-1,'链头717',4,80,44300),(1548,3,'外环往浦东机场匝道口',887,-1,'链头718',4,80,44350),(1549,3,'深色的轿车',888,-1,'链头719',4,80,44400),(1550,3,'一个人',889,-1,'链头720',4,80,44450),(1551,3,'不像喝过酒的样子',890,-1,'链头721',4,80,44500),(1552,3,'检验报告书',891,-1,'链头722',4,80,44550),(1553,3,'王某某',892,-1,'链头723',4,80,44600),(1554,3,'1.69毫克/毫升',893,-1,'链头724',4,80,44650),(1555,3,'血液乙醇含量',894,-1,'链头725',4,80,44700),(1556,3,'1、查获经过及案发经过，证实在2015年3月7日3时许，在罗山路进外环高速往浦东机场方向的匝道上一辆沪ARXXXX荣威轿车发生单车事故，王某某称车辆由其儿子王永磊出门驾驶。',895,-1,'证据155',0,80,44750),(1557,3,'2、证人沈某某的证言，证实2015年3月6日晚，其召集了老同事王某某等人一起在新友饭店吃饭，王某某喝了酒，大约到晚上10时30分许结束，当天其和王某某一起离开了新友饭店，当天吃饭期间，讲到谁喝酒，谁就不要开车，当时王某某讲已安排好了。',896,-1,'证据156',0,80,44800),(1558,3,'3、证人浦某某的证言，证实2015年3月6日晚上10时左右，其在新友饭店参加朋友沈某某的聚餐，沈某某讲喝了酒不要开车叫代驾，王某某讲已安排好人开车了，后来其也看到王某某好像朝车库走，后面好像跟了一个人。',897,-1,'证据157',0,80,44850),(1559,3,'2015年3月7日3时',898,-1,'链头726',4,80,44900),(1560,3,'王某某',899,-1,'链头727',4,80,44950),(1561,3,'儿子',900,-1,'链头728',4,80,45000),(1562,3,'出门',901,-1,'链头729',4,80,45050),(1563,3,'驾驶',902,-1,'链头730',4,80,45100),(1564,3,'荣威轿车',903,-1,'链头731',4,80,45150),(1565,3,'沈某某',904,-1,'链头732',4,80,45200),(1566,3,'王某某',905,-1,'链头733',4,80,45250),(1567,3,'新友饭店',906,-1,'链头734',4,80,45300),(1568,3,'2015年3月6日晚10时30分',907,-1,'链头735',4,80,45350),(1569,3,'已安排好',908,-1,'链头736',4,80,45400),(1570,3,'喝了酒',909,-1,'链头737',4,80,45450),(1571,3,'浦某某',910,-1,'链头738',4,80,45500),(1572,3,'2015年3月6日晚上10时左右',911,-1,'链头739',4,80,45550),(1573,3,'王某某',912,-1,'链头740',4,80,45600),(1574,3,'新友饭店',913,-1,'链头741',4,80,45650),(1575,3,'沈某某',914,-1,'链头742',4,80,45700),(1576,3,'后面跟人',915,-1,'链头743',4,80,45750),(1577,3,'吴秀春',916,-1,'链头744',4,80,45800),(1578,3,'王某某',917,-1,'链头745',4,80,45850),(1579,3,'儿子',918,-1,'链头746',4,80,45900),(1580,3,'2015年3月7日',919,-1,'链头747',4,80,45950),(1581,3,'没有出门',920,-1,'链头748',4,80,46000),(1582,3,'出租车司机',921,-1,'链头749',4,80,46050),(1583,3,'2015年3月7日凌晨',922,-1,'链头750',4,80,46100),(1584,3,'外环往浦东机场匝道口',923,-1,'链头751',4,80,46150),(1585,3,'深色的轿车',924,-1,'链头752',4,80,46200),(1586,3,'一个人',925,-1,'链头753',4,80,46250),(1587,3,'不像喝过酒的样子',926,-1,'链头754',4,80,46300),(1588,3,'检验报告书',927,-1,'链头755',4,80,46350),(1589,3,'王某某',928,-1,'链头756',4,80,46400),(1590,3,'1.69毫克/毫升',929,-1,'链头757',4,80,46450),(1591,3,'血液乙醇含量',930,-1,'链头758',4,80,46500),(1592,3,'1、证人吴秀春在2015年3月7日的证言中陈述到，昨天其丈夫王某某跟其讲不回家吃饭了，其儿子下班后回家了，回家后就再没有出门。',931,-1,'证据158',0,80,46550),(1593,3,'2、证人出租车司机，在2015年3月7日凌晨，在外环往浦东机场匝道口有一辆深色的轿车，在车辆边上，车旁就一个人好像没其他人，不像喝过酒的样子。',932,-1,'证据159',0,80,46600),(1594,3,'3、道路交通事故现场图及照片、事故现场勘查笔录、当事人血样提取登记表、物损评估意见书、司法鉴定科学技术研究所司法鉴定中心检验报告书，证实车辆事故现场情况、车辆物损情况及被告人王某某血液中乙醇含量为1．69毫克／毫升。',933,-1,'证据160',0,80,46650),(1595,3,'吴秀春',934,-1,'链头759',4,80,46700),(1596,3,'王某某',935,-1,'链头760',4,80,46750),(1597,3,'儿子',936,-1,'链头761',4,80,46800),(1598,3,'2015年3月7日',937,-1,'链头762',4,80,46850),(1599,3,'没有出门',938,-1,'链头763',4,80,46900),(1600,3,'出租车司机',939,-1,'链头764',4,80,46950),(1601,3,'2015年3月7日凌晨',940,-1,'链头765',4,80,47000),(1602,3,'外环往浦东机场匝道口',941,-1,'链头766',4,80,47050),(1603,3,'深色的轿车',942,-1,'链头767',4,80,47100),(1604,3,'一个人',943,-1,'链头768',4,80,47150),(1605,3,'不像喝过酒的样子',944,-1,'链头769',4,80,47200),(1606,3,'检验报告书',945,-1,'链头770',4,80,47250),(1607,3,'王某某',946,-1,'链头771',4,80,47300),(1608,3,'1.69毫克/毫升',947,-1,'链头772',4,80,47350),(1609,3,'血液乙醇含量',948,-1,'链头773',4,80,47400),(1610,3,'1、查获经过及案发经过，证实在2015年3月7日3时许，在罗山路进外环高速往浦东机场方向的匝道上一辆沪ARXXXX荣威轿车发生单车事故，王某某称车辆由其儿子王永磊出门驾驶。',949,-1,'证据161',0,80,47450),(1611,3,'2、证人沈某某的证言，证实2015年3月6日晚，其召集了老同事王某某等人一起在新友饭店吃饭，王某某喝了酒，大约到晚上10时30分许结束，当天其和王某某一起离开了新友饭店，当天吃饭期间，讲到谁喝酒，谁就不要开车，当时王某某讲已安排好了。',950,-1,'证据162',0,80,47500),(1612,3,'3、证人浦某某的证言，证实2015年3月6日晚上10时左右，其在新友饭店参加朋友沈某某的聚餐，沈某某讲喝了酒不要开车叫代驾，王某某讲已安排好人开车了，后来其也看到王某某好像朝车库走，后面好像跟了一个人。',951,-1,'证据163',0,80,47550),(1613,3,'2015年3月7日3时',952,-1,'链头774',4,80,47600),(1614,3,'王某某',953,-1,'链头775',4,80,47650),(1615,3,'儿子',954,-1,'链头776',4,80,47700),(1616,3,'出门',955,-1,'链头777',4,80,47750),(1617,3,'驾驶',956,-1,'链头778',4,80,47800),(1618,3,'荣威轿车',957,-1,'链头779',4,80,47850),(1619,3,'沈某某',958,-1,'链头780',4,80,47900),(1620,3,'王某某',959,-1,'链头781',4,80,47950),(1621,3,'新友饭店',960,-1,'链头782',4,80,48000),(1622,3,'2015年3月6日晚10时30分',961,-1,'链头783',4,80,48050),(1623,3,'已安排好',962,-1,'链头784',4,80,48100),(1624,3,'喝了酒',963,-1,'链头785',4,80,48150),(1625,3,'浦某某',964,-1,'链头786',4,80,48200),(1626,3,'2015年3月6日晚上10时左右',965,-1,'链头787',4,80,48250),(1627,3,'王某某',966,-1,'链头788',4,80,48300),(1628,3,'新友饭店',967,-1,'链头789',4,80,48350),(1629,3,'沈某某',968,-1,'链头790',4,80,48400),(1630,3,'后面跟人',969,-1,'链头791',4,80,48450),(1631,3,'吴秀春',970,-1,'链头792',4,80,48500),(1632,3,'2015年3月7日3时',971,-1,'链头793',4,80,48550),(1633,3,'王某某',972,-1,'链头794',4,80,48600),(1634,3,'王某某',973,-1,'链头795',4,80,48650),(1635,3,'儿子',974,-1,'链头796',4,80,48700),(1636,3,'儿子',974,-1,'链头796',4,80,48700),(1637,3,'2015年3月7日',975,-1,'链头798',4,80,48750),(1638,3,'出门',975,-1,'链头798',4,80,48750),(1639,3,'没有出门',976,-1,'链头800',4,80,48800),(1640,3,'驾驶',976,-1,'链头800',4,80,48800),(1641,3,'荣威轿车',977,-1,'链头802',4,80,48850),(1642,3,'出租车司机',978,-1,'链头803',4,80,48900),(1643,3,'2015年3月7日凌晨',979,-1,'链头804',4,80,48950),(1644,3,'外环往浦东机场匝道口',980,-1,'链头805',4,80,49000),(1645,3,'深色的轿车',981,-1,'链头806',4,80,49050),(1646,3,'检验报告书',982,-1,'链头807',4,80,49100),(1647,3,'一个人',982,-1,'链头807',4,80,49100),(1648,3,'王某某',983,-1,'链头809',4,80,49150),(1649,3,'不像喝过酒的样子',983,-1,'链头809',4,80,49150),(1650,3,'1.69毫克/毫升',984,-1,'链头811',4,80,49200),(1651,3,'血液乙醇含量',985,-1,'链头812',4,80,49250),(1652,3,'1、证人吴秀春在2015年3月7日的证言中陈述到，昨天其丈夫王某某跟其讲不回家吃饭了，其儿子下班后回家了，回家后就再没有出门。',986,-1,'证据164',0,80,49300),(1653,3,'2、证人出租车司机，在2015年3月7日凌晨，在外环往浦东机场匝道口有一辆深色的轿车，在车辆边上，车旁就一个人好像没其他人，不像喝过酒的样子。',987,-1,'证据165',0,80,49350),(1654,3,'3、道路交通事故现场图及照片、事故现场勘查笔录、当事人血样提取登记表、物损评估意见书、司法鉴定科学技术研究所司法鉴定中心检验报告书，证实车辆事故现场情况、车辆物损情况及被告人王某某血液中乙醇含量为1．69毫克／毫升。',988,-1,'证据166',0,80,49400),(1655,3,'吴秀春',989,-1,'链头813',4,80,49450),(1656,3,'王某某',990,-1,'链头814',4,80,49500),(1657,3,'儿子',991,-1,'链头815',4,80,49550),(1658,3,'2015年3月7日',992,-1,'链头816',4,80,49600),(1659,3,'没有出门',993,-1,'链头817',4,80,49650),(1660,3,'出租车司机',994,-1,'链头818',4,80,49700),(1661,3,'2015年3月7日凌晨',995,-1,'链头819',4,80,49750),(1662,3,'外环往浦东机场匝道口',996,-1,'链头820',4,80,49800),(1663,3,'深色的轿车',997,-1,'链头821',4,80,49850),(1664,3,'一个人',998,-1,'链头822',4,80,49900),(1665,3,'不像喝过酒的样子',999,-1,'链头823',4,80,49950),(1666,3,'检验报告书',1000,-1,'链头824',4,80,50000),(1667,3,'王某某',1001,-1,'链头825',4,80,50050),(1668,3,'1.69毫克/毫升',1002,-1,'链头826',4,80,50100),(1669,3,'血液乙醇含量',1003,-1,'链头827',4,80,50150),(1670,3,'1、查获经过及案发经过，证实在2015年3月7日3时许，在罗山路进外环高速往浦东机场方向的匝道上一辆沪ARXXXX荣威轿车发生单车事故，王某某称车辆由其儿子王永磊出门驾驶。',1004,-1,'证据167',0,80,50200),(1671,3,'2、证人沈某某的证言，证实2015年3月6日晚，其召集了老同事王某某等人一起在新友饭店吃饭，王某某喝了酒，大约到晚上10时30分许结束，当天其和王某某一起离开了新友饭店，当天吃饭期间，讲到谁喝酒，谁就不要开车，当时王某某讲已安排好了。',1005,-1,'证据168',0,80,50250),(1672,3,'3、证人浦某某的证言，证实2015年3月6日晚上10时左右，其在新友饭店参加朋友沈某某的聚餐，沈某某讲喝了酒不要开车叫代驾，王某某讲已安排好人开车了，后来其也看到王某某好像朝车库走，后面好像跟了一个人。',1006,-1,'证据169',0,80,50300),(1673,3,'2015年3月7日3时',1007,-1,'链头828',4,80,50350),(1674,3,'王某某',1008,-1,'链头829',4,80,50400),(1675,3,'儿子',1009,-1,'链头830',4,80,50450),(1676,3,'出门',1010,-1,'链头831',4,80,50500),(1677,3,'驾驶',1011,-1,'链头832',4,80,50550),(1678,3,'荣威轿车',1012,-1,'链头833',4,80,50600),(1679,3,'沈某某',1013,-1,'链头834',4,80,50650),(1680,3,'王某某',1014,-1,'链头835',4,80,50700),(1681,3,'新友饭店',1015,-1,'链头836',4,80,50750),(1682,3,'2015年3月6日晚10时30分',1016,-1,'链头837',4,80,50800),(1683,3,'已安排好',1017,-1,'链头838',4,80,50850),(1684,3,'喝酒',1018,-1,'链头839',4,80,50900),(1685,3,'浦某某',1019,-1,'链头840',4,80,50950),(1686,3,'2015年3月6日晚上10时左右',1020,-1,'链头841',4,80,51000),(1687,3,'王某某',1021,-1,'链头842',4,80,51050),(1688,3,'新友饭店',1022,-1,'链头843',4,80,51100),(1689,3,'沈某某',1023,-1,'链头844',4,80,51150),(1690,3,'后面跟人',1024,-1,'链头845',4,80,51200),(1691,3,'吴秀春',1025,-1,'链头846',4,80,51250),(1692,3,'2015年3月7日3时',1025,-1,'链头846',4,80,51250),(1693,3,'王某某',1026,-1,'链头848',4,80,51300),(1694,3,'王某某',1027,-1,'链头849',4,80,51350),(1695,3,'儿子',1028,-1,'链头850',4,80,51400),(1696,3,'儿子',1028,-1,'链头850',4,80,51400),(1697,3,'2015年3月7日',1029,-1,'链头852',4,80,51450),(1698,3,'出门',1029,-1,'链头852',4,80,51450),(1699,3,'没有出门',1030,-1,'链头854',4,80,51500),(1700,3,'驾驶',1030,-1,'链头854',4,80,51500),(1701,3,'荣威轿车',1031,-1,'链头856',4,80,51550),(1702,3,'出租车司机',1032,-1,'链头857',4,80,51600),(1703,3,'2015年3月7日凌晨',1033,-1,'链头858',4,80,51650),(1704,3,'检验报告书',1033,-1,'链头858',4,80,51650),(1705,3,'外环往浦东机场匝道口',1034,-1,'链头860',4,80,51700),(1706,3,'王某某',1035,-1,'链头861',4,80,51750),(1707,3,'深色的轿车',1036,-1,'链头862',4,80,51800),(1708,3,'1.69毫克/毫升',1036,-1,'链头862',4,80,51800),(1709,3,'一个人',1037,-1,'链头864',4,80,51850),(1710,3,'血液乙醇含量',1037,-1,'链头864',4,80,51850),(1711,3,'不像喝过酒的样子',1038,-1,'链头866',4,80,51900),(1715,3,'2015年3月6日晚',1042,-1,'联结点140',5,80,52100),(1716,3,'王某某',1043,-1,'联结点141',5,80,52150),(1717,3,'新友饭店',1044,-1,'联结点142',5,80,52200),(1718,3,'荣威轿车',1045,-1,'联结点143',5,80,52250),(1719,3,'喝了酒',1046,-1,'联结点144',5,80,52300),(1720,3,'王某某',1047,-1,'联结点145',5,80,52350),(1721,3,'血液乙醇含量',1048,-1,'联结点146',5,80,52400),(1722,3,'1.69毫克/毫升',1049,-1,'联结点147',5,80,52450),(1723,3,'3月7日3时',1050,-1,'联结点148',5,80,52500),(1724,3,'王某某',1051,-1,'联结点149',5,80,52550),(1725,3,'他人帮助',1052,-1,'联结点150',5,80,52600),(1726,3,'民警',1053,-1,'联结点151',5,80,52650),(1727,3,'道路交通安全法第九十一条 ',1054,-1,'法条3',2,80,52700),(1728,3,'结论',1055,-1,'结论7',3,80,52750),(1729,3,'1、证人吴秀春在2015年3月7日的证言中陈述到，昨天其丈夫王某某跟其讲不回家吃饭了，其儿子下班后回家了，回家后就再没有出门。',1056,-1,'证据170',0,80,52800),(1730,3,'2、证人出租车司机，在2015年3月7日凌晨，在外环往浦东机场匝道口有一辆深色的轿车，在车辆边上，车旁就一个人好像没其他人，不像喝过酒的样子。',1057,-1,'证据171',0,80,52850),(1731,3,'3、道路交通事故现场图及照片、事故现场勘查笔录、当事人血样提取登记表、物损评估意见书、司法鉴定科学技术研究所司法鉴定中心检验报告书，证实车辆事故现场情况、车辆物损情况及被告人王某某血液中乙醇含量为1．69毫克／毫升。',1058,-1,'证据172',0,80,52900),(1732,3,'吴秀春',1059,-1,'链头867',4,80,52950),(1733,3,'王某某',1060,-1,'链头868',4,80,53000),(1734,3,'儿子',1061,-1,'链头869',4,80,53050),(1735,3,'2015年3月7日',1062,-1,'链头870',4,80,53100),(1736,3,'没有出门',1063,-1,'链头871',4,80,53150),(1740,3,'2015年3月6日晚',1067,-1,'联结点152',5,80,53350),(1741,3,'王某某',1068,-1,'联结点153',5,80,53400),(1742,3,'新友饭店',1069,-1,'联结点154',5,80,53450),(1743,3,'荣威轿车',1070,-1,'联结点155',5,80,53500),(1744,3,'喝了酒',1071,-1,'联结点156',5,80,53550),(1745,3,'1、证人吴秀春在2015年3月7日的证言中陈述到，昨天其丈夫王某某跟其讲不回家吃饭了，其儿子下班后回家了，回家后就再没有出门',1072,-1,'证据173',0,80,53600),(1746,3,'2、证人出租车司机，在2015年3月7日凌晨，在外环往浦东机场匝道口有一辆深色的轿车，在车辆边上，车旁就一个人好像没其他人，不像喝过酒的样子。',1073,-1,'证据174',0,80,53650),(1747,3,'3、道路交通事故现场图及照片、事故现场勘查笔录、当事人血样提取登记表、物损评估意见书、司法鉴定科学技术研究所司法鉴定中心检验报告书，证实车辆事故现场情况、车辆物损情况及被告人王某某血液中乙醇含量为1．69毫克／毫升。',1074,-1,'证据175',0,80,53700),(1748,3,'1、查获经过及案发经过，证实在2015年3月7日3时许，在罗山路进外环高速往浦东机场方向的匝道上一辆沪ARXXXX荣威轿车发生单车事故，王某某称车辆由其儿子王永磊出门驾驶。',1075,-1,'证据176',0,80,53750),(1749,3,'2、证人沈某某的证言，证实2015年3月6日晚，其召集了老同事王某某等人一起在新友饭店吃饭，王某某喝了酒，大约到晚上10时30分许结束，当天其和王某某一起离开了新友饭店，当天吃饭期间，讲到谁喝酒，谁就不要开车，当时王某某讲已安排好了。',1076,-1,'证据177',0,80,53800),(1750,3,'3、证人浦某某的证言，证实2015年3月6日晚上10时左右，其在新友饭店参加朋友沈某某的聚餐，沈某某讲喝了酒不要开车叫代驾，王某某讲已安排好人开车了，后来其也看到王某某好像朝车库走，后面好像跟了一个人。',1077,-1,'证据178',0,80,53850),(1751,3,'吴秀春',1078,-1,'链头872',4,80,53900),(1752,3,'王某某',1079,-1,'链头873',4,80,53950),(1753,3,'儿子',1080,-1,'链头874',4,80,54000),(1754,3,'2015年3月7日',1081,-1,'链头875',4,80,54050),(1755,3,'没有出门',1082,-1,'链头876',4,80,54100),(1756,3,'出租车司机',1083,-1,'链头877',4,80,54150),(1757,3,'2015年3月7日凌晨',1084,-1,'链头878',4,80,54200),(1758,3,'外环往浦东机场匝道口',1085,-1,'链头879',4,80,54250),(1759,3,'深色的轿车',1086,-1,'链头880',4,80,54300),(1760,3,'一个人',1087,-1,'链头881',4,80,54350),(1761,3,'不像喝过酒的样子',1088,-1,'链头882',4,80,54400),(1762,3,'检验报告书',1089,-1,'链头883',4,80,54450),(1763,3,'王某某',1090,-1,'链头884',4,80,54500),(1764,3,'1.69毫克/毫升',1091,-1,'链头885',4,80,54550),(1765,3,'血液乙醇含量',1092,-1,'链头886',4,80,54600),(1766,3,'2015年3月7日3时',1093,-1,'链头887',4,80,54650),(1767,3,'王某某',1094,-1,'链头888',4,80,54700),(1768,3,'儿子',1095,-1,'链头889',4,80,54750),(1769,3,'出门',1096,-1,'链头890',4,80,54800),(1770,3,'驾驶',1097,-1,'链头891',4,80,54850),(1771,3,'荣威轿车',1098,-1,'链头892',4,80,54900),(1772,3,'沈某某',1099,-1,'链头893',4,80,54950),(1773,3,'王某某',1100,-1,'链头894',4,80,55000),(1774,3,'新友饭店',1101,-1,'链头895',4,80,55050),(1775,3,'2015年3月6日晚10时30分',1102,-1,'链头896',4,80,55100),(1776,3,'已安排好',1103,-1,'链头897',4,80,55150),(1777,3,'喝酒',1104,-1,'链头898',4,80,55200),(1778,3,'浦某某',1105,-1,'链头899',4,80,55250),(1779,3,'2015年3月6日晚上10时左右',1106,-1,'链头900',4,80,55300),(1780,3,'王某某',1107,-1,'链头901',4,80,55350),(1781,3,'新友饭店',1108,-1,'链头902',4,80,55400),(1782,3,'沈某某',1109,-1,'链头903',4,80,55450),(1783,3,'后面跟人',1110,-1,'链头904',4,80,55500),(1784,3,'吴秀春',1111,-1,'链头905',4,80,55550),(1785,3,'检验报告书',1111,-1,'链头905',4,80,55550),(1786,3,'王某某',1112,-1,'链头907',4,80,55600),(1787,3,'出租车司机',1112,-1,'链头907',4,80,55600),(1788,3,'王某某',1112,-1,'链头907',4,80,55600),(1789,3,'1.69毫克/毫升',1113,-1,'链头910',4,80,55650),(1790,3,'2015年3月7日凌晨',1113,-1,'链头910',4,80,55650),(1791,3,'儿子',1113,-1,'链头910',4,80,55650),(1792,3,'血液乙醇含量',1114,-1,'链头913',4,80,55700),(1793,3,'外环往浦东机场匝道口',1114,-1,'链头913',4,80,55700),(1794,3,'2015年3月7日',1114,-1,'链头913',4,80,55700),(1795,3,'深色的轿车',1115,-1,'链头916',4,80,55750),(1796,3,'没有出门',1115,-1,'链头916',4,80,55750),(1797,3,'一个人',1116,-1,'链头918',4,80,55800),(1798,3,'不像喝过酒的样子',1117,-1,'链头919',4,80,55850),(1799,3,'2015年3月7日3时',1118,-1,'链头920',4,80,55900),(1800,3,'王某某',1119,-1,'链头921',4,80,55950),(1801,3,'儿子',1120,-1,'链头922',4,80,56000),(1802,3,'出门',1121,-1,'链头923',4,80,56050),(1803,3,'驾驶',1122,-1,'链头924',4,80,56100),(1804,3,'荣威轿车',1123,-1,'链头925',4,80,56150),(1808,3,'2015年3月6日晚',1127,-1,'联结点157',5,80,56350),(1809,3,'王某某',1128,-1,'联结点158',5,80,56400),(1810,3,'新友饭店',1129,-1,'联结点159',5,80,56450),(1811,3,'荣威轿车',1130,-1,'联结点160',5,80,56500),(1812,3,'喝了酒',1131,-1,'联结点161',5,80,56550),(1813,3,'王某某',1132,-1,'联结点162',5,80,56600),(1814,3,'血液乙醇含量',1133,-1,'联结点163',5,80,56650),(1815,3,'1.69毫克/毫升',1134,-1,'联结点164',5,80,56700),(1816,3,'3月7日3时',1135,-1,'联结点165',5,80,56750),(1817,3,'王某某',1136,-1,'联结点166',5,80,56800),(1818,3,'他人帮助',1137,-1,'联结点167',5,80,56850),(1819,3,'民警',1138,-1,'联结点168',5,80,56900),(1820,3,'道路交通安全法第九十一条 ',1139,-1,'法条4',2,80,56950),(1821,3,'结论',1140,-1,'结论8',3,80,57000),(1822,3,'《刑法》第一百三十三条之一 ',1141,-1,'法条5',2,80,57050),(1823,3,'结论',1142,-1,'结论9',3,80,57100),(1824,3,'1、证人吴秀春在2015年3月7日的证言中陈述到，昨天其丈夫王某某跟其讲不回家吃饭了，其儿子下班后回家了，回家后就再没有出门。',1143,-1,'证据179',0,80,57150),(1825,3,'2、证人出租车司机，在2015年3月7日凌晨，在外环往浦东机场匝道口有一辆深色的轿车，在车辆边上，车旁就一个人好像没其他人，不像喝过酒的样子。',1144,-1,'证据180',0,80,57200),(1826,3,'3、道路交通事故现场图及照片、事故现场勘查笔录、当事人血样提取登记表、物损评估意见书、司法鉴定科学技术研究所司法鉴定中心检验报告书，证实车辆事故现场情况、车辆物损情况及被告人王某某血液中乙醇含量为1．69毫克／毫升。',1145,-1,'证据181',0,80,57250),(1827,3,'1、查获经过及案发经过，证实在2015年3月7日3时许，在罗山路进外环高速往浦东机场方向的匝道上一辆沪ARXXXX荣威轿车发生单车事故，王某某称车辆由其儿子王永磊出门驾驶。',1146,-1,'证据182',0,80,57300),(1828,3,'2、证人沈某某的证言，证实2015年3月6日晚，其召集了老同事王某某等人一起在新友饭店吃饭，王某某喝了酒，大约到晚上10时30分许结束，当天其和王某某一起离开了新友饭店，当天吃饭期间，讲到谁喝酒，谁就不要开车，当时王某某讲已安排好了。',1147,-1,'证据183',0,80,57350),(1829,3,'3、证人浦某某的证言，证实2015年3月6日晚上10时左右，其在新友饭店参加朋友沈某某的聚餐，沈某某讲喝了酒不要开车叫代驾，王某某讲已安排好人开车了，后来其也看到王某某好像朝车库走，后面好像跟了一个人。',1148,-1,'证据184',0,80,57400),(1830,3,'吴秀春',1149,-1,'链头926',4,80,57450),(1831,3,'王某某',1150,-1,'链头927',4,80,57500),(1832,3,'儿子',1151,-1,'链头928',4,80,57550),(1833,3,'2015年3月7日',1152,-1,'链头929',4,80,57600),(1834,3,'没有出门',1153,-1,'链头930',4,80,57650),(1835,3,'出租车司机',1154,-1,'链头931',4,80,57700),(1836,3,'2015年3月7日凌晨',1155,-1,'链头932',4,80,57750),(1837,3,'外环往浦东机场匝道口',1156,-1,'链头933',4,80,57800),(1838,3,'深色的轿车',1157,-1,'链头934',4,80,57850),(1839,3,'一个人',1158,-1,'链头935',4,80,57900),(1840,3,'不像喝过酒的样子',1159,-1,'链头936',4,80,57950),(1841,3,'检验报告书',1160,-1,'链头937',4,80,58000),(1842,3,'王某某',1161,-1,'链头938',4,80,58050),(1843,3,'1.69毫克/毫升',1162,-1,'链头939',4,80,58100),(1844,3,'血液乙醇含量',1163,-1,'链头940',4,80,58150),(1845,3,'2015年3月7日3时',1164,-1,'链头941',4,80,58200),(1846,3,'王某某',1165,-1,'链头942',4,80,58250),(1847,3,'儿子',1166,-1,'链头943',4,80,58300),(1848,3,'出门',1167,-1,'链头944',4,80,58350),(1849,3,'驾驶',1168,-1,'链头945',4,80,58400),(1850,3,'荣威轿车',1169,-1,'链头946',4,80,58450),(1851,3,'沈某某',1170,-1,'链头947',4,80,58500),(1852,3,'王某某',1171,-1,'链头948',4,80,58550),(1853,3,'新友饭店',1172,-1,'链头949',4,80,58600),(1854,3,'2015年3月6日晚10时30分',1173,-1,'链头950',4,80,58650),(1855,3,'已安排好',1174,-1,'链头951',4,80,58700),(1856,3,'喝了酒',1175,-1,'链头952',4,80,58750),(1857,3,'浦某某',1176,-1,'链头953',4,80,58800),(1858,3,'2015年3月6日晚上10时左右',1177,-1,'链头954',4,80,58850),(1859,3,'王某某',1178,-1,'链头955',4,80,58900),(1860,3,'新友饭店',1179,-1,'链头956',4,80,58950),(1861,3,'沈某某',1180,-1,'链头957',4,80,59000),(1862,3,'后面跟人',1181,-1,'链头958',4,80,59050),(1863,3,'检验报告书',1182,-1,'链头959',4,80,59100),(1864,3,'出租车司机',1183,-1,'链头960',4,80,59150),(1865,3,'王某某',1183,-1,'链头960',4,80,59150),(1866,3,'吴秀春',1183,-1,'链头961',4,80,59150),(1867,3,'2015年3月7日凌晨',1184,-1,'链头963',4,80,59200),(1868,3,'1.69毫克/毫升',1184,-1,'链头963',4,80,59200),(1869,3,'2015年3月7日3时',1184,-1,'链头965',4,80,59200),(1870,3,'王某某',1184,-1,'链头964',4,80,59200),(1871,3,'血液乙醇含量',1185,-1,'链头967',4,80,59250),(1872,3,'外环往浦东机场匝道口',1185,-1,'链头967',4,80,59250),(1873,3,'儿子',1185,-1,'链头967',4,80,59250),(1874,3,'王某某',1185,-1,'链头969',4,80,59250),(1875,3,'深色的轿车',1186,-1,'链头971',4,80,59300),(1876,3,'2015年3月7日',1186,-1,'链头971',4,80,59300),(1877,3,'儿子',1186,-1,'链头971',4,80,59300),(1878,3,'一个人',1187,-1,'链头974',4,80,59350),(1879,3,'出门',1187,-1,'链头974',4,80,59350),(1880,3,'没有出门',1187,-1,'链头974',4,80,59350),(1881,3,'不像喝过酒的样子',1188,-1,'链头977',4,80,59400),(1882,3,'驾驶',1188,-1,'链头977',4,80,59400),(1883,3,'荣威轿车',1189,-1,'链头979',4,80,59450),(1887,3,'2015年3月6日晚',1193,-1,'联结点169',5,80,59650),(1888,3,'王某某',1194,-1,'联结点170',5,80,59700),(1889,3,'新友饭店',1195,-1,'联结点171',5,80,59750),(1890,3,'荣威轿车',1196,-1,'联结点172',5,80,59800),(1891,3,'喝了酒',1197,-1,'联结点173',5,80,59850),(1892,3,'王某某',1198,-1,'联结点174',5,80,59900),(1893,3,'血液乙醇含量',1199,-1,'联结点175',5,80,59950),(1894,3,'1.69毫克/毫升',1200,-1,'联结点176',5,80,60000),(1895,3,'3月7日3时',1201,-1,'联结点177',5,80,60050),(1896,3,'王某某',1202,-1,'联结点178',5,80,60100),(1897,3,'他人帮助',1203,-1,'联结点179',5,80,60150),(1898,3,'民警',1204,-1,'联结点180',5,80,60200),(1899,3,'1、证人吴秀春在2015年3月7日的证言中陈述到，昨天其丈夫王某某跟其讲不回家吃饭了，其儿子下班后回家了，回家后就再没有出门。',1205,-1,'证据185',0,80,60250),(1900,3,'2、证人出租车司机，在2015年3月7日凌晨，在外环往浦东机场匝道口有一辆深色的轿车，在车辆边上，车旁就一个人好像没其他人，不像喝过酒的样子。',1206,-1,'证据186',0,80,60300),(1901,3,'3、道路交通事故现场图及照片、事故现场勘查笔录、当事人血样提取登记表、物损评估意见书、司法鉴定科学技术研究所司法鉴定中心检验报告书，证实车辆事故现场情况、车辆物损情况及被告人王某某血液中乙醇含量为1．69毫克／毫升。',1207,-1,'证据187',0,80,60350),(1902,3,'吴秀春',1208,-1,'链头980',4,80,60400),(1903,3,'王某某',1209,-1,'链头981',4,80,60450),(1904,3,'儿子',1210,-1,'链头982',4,80,60500),(1905,3,'2015年3月7日',1211,-1,'链头983',4,80,60550),(1906,3,'没有出门',1212,-1,'链头984',4,80,60600),(1907,3,'出租车司机',1213,-1,'链头985',4,80,60650),(1908,3,'2015年3月7日凌晨',1214,-1,'链头986',4,80,60700),(1909,3,'外环往浦东机场匝道口',1215,-1,'链头987',4,80,60750),(1910,3,'深色的轿车',1216,-1,'链头988',4,80,60800),(1911,3,'一个人',1217,-1,'链头989',4,80,60850),(1912,3,'不像喝过酒的样子',1218,-1,'链头990',4,80,60900),(1913,3,'检验报告书',1219,-1,'链头991',4,80,60950),(1914,3,'王某某',1220,-1,'链头992',4,80,61000),(1915,3,'1.69毫克/毫升',1221,-1,'链头993',4,80,61050),(1916,3,'血液乙醇含量',1222,-1,'链头994',4,80,61100),(1917,3,'1、查获经过及案发经过，证实在2015年3月7日3时许，在罗山路进外环高速往浦东机场方向的匝道上一辆沪ARXXXX荣威轿车发生单车事故，王某某称车辆由其儿子王永磊出门驾驶。',1223,-1,'证据188',0,80,61150),(1918,3,'2、证人沈某某的证言，证实2015年3月6日晚，其召集了老同事王某某等人一起在新友饭店吃饭，王某某喝了酒，大约到晚上10时30分许结束，当天其和王某某一起离开了新友饭店，当天吃饭期间，讲到谁喝酒，谁就不要开车，当时王某某讲已安排好了。',1224,-1,'证据189',0,80,61200),(1919,3,'3、证人浦某某的证言，证实2015年3月6日晚上10时左右，其在新友饭店参加朋友沈某某的聚餐，沈某某讲喝了酒不要开车叫代驾，王某某讲已安排好人开车了，后来其也看到王某某好像朝车库走，后面好像跟了一个人。',1225,-1,'证据190',0,80,61250),(1920,3,'2015年3月7日3时',1226,-1,'链头995',4,80,61300),(1921,3,'王某某',1227,-1,'链头996',4,80,61350),(1922,3,'儿子',1228,-1,'链头997',4,80,61400),(1923,3,'出门',1229,-1,'链头998',4,80,61450),(1924,3,'驾驶',1230,-1,'链头999',4,80,61500),(1925,3,'荣威轿车',1231,-1,'链头1000',4,80,61550),(1926,3,'沈某某',1232,-1,'链头1001',4,80,61600),(1927,3,'王某某',1233,-1,'链头1002',4,80,61650),(1928,3,'新友饭店',1234,-1,'链头1003',4,80,61700),(1929,3,'2015年3月6日晚10时30分',1235,-1,'链头1004',4,80,61750),(1930,3,'已安排好',1236,-1,'链头1005',4,80,61800),(1931,3,'喝酒',1237,-1,'链头1006',4,80,61850),(1932,3,'浦某某',1238,-1,'链头1007',4,80,61900),(1933,3,'2015年3月6日晚上10时左右',1239,-1,'链头1008',4,80,61950),(1934,3,'王某某',1240,-1,'链头1009',4,80,62000),(1935,3,'新友饭店',1241,-1,'链头1010',4,80,62050),(1936,3,'沈某某',1242,-1,'链头1011',4,80,62100),(1937,3,'后面跟人',1243,-1,'链头1012',4,80,62150),(1938,3,'1、证人吴秀春在2015年3月7日的证言中陈述到，昨天其丈夫王某某跟其讲不回家吃饭了，其儿子下班后回家了，回家后就再没有出门。',1244,-1,'证据191',0,80,62200),(1939,3,'2、证人出租车司机，在2015年3月7日凌晨，在外环往浦东机场匝道口有一辆深色的轿车，在车辆边上，车旁就一个人好像没其他人，不像喝过酒的样子。',1245,-1,'证据192',0,80,62250),(1940,3,'3、道路交通事故现场图及照片、事故现场勘查笔录、当事人血样提取登记表、物损评估意见书、司法鉴定科学技术研究所司法鉴定中心检验报告书，证实车辆事故现场情况、车辆物损情况及被告人王某某血液中乙醇含量为1．69毫克／毫升。',1246,-1,'证据193',0,80,62300),(1941,3,'1、查获经过及案发经过，证实在2015年3月7日3时许，在罗山路进外环高速往浦东机场方向的匝道上一辆沪ARXXXX荣威轿车发生单车事故，王某某称车辆由其儿子王永磊出门驾驶。',1247,-1,'证据194',0,80,62350),(1942,3,'2、证人沈某某的证言，证实2015年3月6日晚，其召集了老同事王某某等人一起在新友饭店吃饭，王某某喝了酒，大约到晚上10时30分许结束，当天其和王某某一起离开了新友饭店，当天吃饭期间，讲到谁喝酒，谁就不要开车，当时王某某讲已安排好了。',1248,-1,'证据195',0,80,62400),(1943,3,'3、证人浦某某的证言，证实2015年3月6日晚上10时左右，其在新友饭店参加朋友沈某某的聚餐，沈某某讲喝了酒不要开车叫代驾，王某某讲已安排好人开车了，后来其也看到王某某好像朝车库走，后面好像跟了一个人。',1249,-1,'证据196',0,80,62450),(1944,3,'吴秀春',1250,-1,'链头1013',4,80,62500),(1945,3,'王某某',1251,-1,'链头1014',4,80,62550),(1946,3,'儿子',1252,-1,'链头1015',4,80,62600),(1947,3,'2015年3月7日',1253,-1,'链头1016',4,80,62650),(1948,3,'没有出门',1254,-1,'链头1017',4,80,62700),(1949,3,'出租车司机',1255,-1,'链头1018',4,80,62750),(1950,3,'2015年3月7日凌晨',1256,-1,'链头1019',4,80,62800),(1951,3,'外环往浦东机场匝道口',1257,-1,'链头1020',4,80,62850),(1952,3,'深色的轿车',1258,-1,'链头1021',4,80,62900),(1953,3,'一个人',1259,-1,'链头1022',4,80,62950),(1954,3,'不像喝过酒的样子',1260,-1,'链头1023',4,80,63000),(1955,3,'检验报告书',1261,-1,'链头1024',4,80,63050),(1956,3,'王某某',1262,-1,'链头1025',4,80,63100),(1957,3,'1.69毫克/毫升',1263,-1,'链头1026',4,80,63150),(1958,3,'血液乙醇含量',1264,-1,'链头1027',4,80,63200),(1959,3,'2015年3月7日3时',1265,-1,'链头1028',4,80,63250),(1960,3,'王某某',1266,-1,'链头1029',4,80,63300),(1961,3,'儿子',1267,-1,'链头1030',4,80,63350),(1962,3,'出门',1268,-1,'链头1031',4,80,63400),(1963,3,'驾驶',1269,-1,'链头1032',4,80,63450),(1964,3,'荣威轿车',1270,-1,'链头1033',4,80,63500),(1965,3,'沈某某',1271,-1,'链头1034',4,80,63550),(1966,3,'王某某',1272,-1,'链头1035',4,80,63600),(1967,3,'新友饭店',1273,-1,'链头1036',4,80,63650),(1968,3,'2015年3月6日晚10时30分',1274,-1,'链头1037',4,80,63700),(1969,3,'已安排好',1275,-1,'链头1038',4,80,63750),(1970,3,'喝酒',1276,-1,'链头1039',4,80,63800),(1971,3,'浦某某',1277,-1,'链头1040',4,80,63850),(1972,3,'2015年3月6日晚上10时左右',1278,-1,'链头1041',4,80,63900),(1973,3,'王某某',1279,-1,'链头1042',4,80,63950),(1974,3,'新友饭店',1280,-1,'链头1043',4,80,64000),(1975,3,'沈某某',1281,-1,'链头1044',4,80,64050),(1976,3,'后面跟人',1282,-1,'链头1045',4,80,64100),(1977,3,'吴秀春',1283,-1,'链头1046',4,80,64150),(1978,3,'2015年3月7日3时',1284,-1,'链头1047',4,80,64200),(1979,3,'王某某',1284,-1,'链头1047',4,80,64200),(1980,3,'王某某',1285,-1,'链头1049',4,80,64250),(1981,3,'儿子',1285,-1,'链头1049',4,80,64250),(1982,3,'儿子',1286,-1,'链头1051',4,80,64300),(1983,3,'2015年3月7日',1286,-1,'链头1051',4,80,64300),(1984,3,'没有出门',1287,-1,'链头1053',4,80,64350),(1985,3,'出门',1287,-1,'链头1053',4,80,64350),(1986,3,'驾驶',1288,-1,'链头1055',4,80,64400),(1987,3,'荣威轿车',1289,-1,'链头1056',4,80,64450),(1988,3,'检验报告书',1290,-1,'链头1057',4,80,64500),(1989,3,'出租车司机',1291,-1,'链头1058',4,80,64550),(1990,3,'王某某',1291,-1,'链头1058',4,80,64550),(1991,3,'1.69毫克/毫升',1292,-1,'链头1060',4,80,64600),(1992,3,'2015年3月7日凌晨',1292,-1,'链头1060',4,80,64600),(1993,3,'外环往浦东机场匝道口',1293,-1,'链头1062',4,80,64650),(1994,3,'血液乙醇含量',1293,-1,'链头1062',4,80,64650),(1995,3,'深色的轿车',1294,-1,'链头1064',4,80,64700),(1996,3,'一个人',1295,-1,'链头1065',4,80,64750),(1997,3,'不像喝过酒的样子',1296,-1,'链头1066',4,80,64800),(1998,3,'浦某某',1297,-1,'链头1067',4,80,64850),(1999,3,'沈某某',1297,-1,'链头1067',4,80,64850),(2000,3,'2015年3月6日晚上10时左右',1298,-1,'链头1068',4,80,64900),(2001,3,'王某某',1299,-1,'链头1070',4,80,64950),(2002,3,'王某某',1299,-1,'链头1070',4,80,64950),(2003,3,'新友饭店',1300,-1,'链头1072',4,80,65000),(2004,3,'新友饭店',1300,-1,'链头1072',4,80,65000),(2005,3,'沈某某',1301,-1,'链头1074',4,80,65050),(2006,3,'2015年3月6日晚10时30分',1301,-1,'链头1074',4,80,65050),(2007,3,'后面跟人',1302,-1,'链头1076',4,80,65100),(2008,3,'已安排好',1302,-1,'链头1076',4,80,65100),(2009,3,'喝了酒',1303,-1,'链头1078',4,80,65150),(2010,3,'检验报告书',1304,-1,'链头1079',4,80,65200),(2011,3,'王某某',1305,-1,'链头1080',4,80,65250),(2012,3,'出租车司机',1305,-1,'链头1080',4,80,65250),(2013,3,'1.69毫克/毫升',1306,-1,'链头1082',4,80,65300),(2014,3,'2015年3月7日凌晨',1306,-1,'链头1082',4,80,65300),(2015,3,'血液乙醇含量',1307,-1,'链头1084',4,80,65350),(2016,3,'外环往浦东机场匝道口',1307,-1,'链头1084',4,80,65350),(2017,3,'深色的轿车',1308,-1,'链头1086',4,80,65400),(2018,3,'一个人',1309,-1,'链头1087',4,80,65450),(2019,3,'不像喝过酒的样子',1310,-1,'链头1088',4,80,65500),(2020,3,'1、经审理查明，2015年3月6日晚，被告人王某某至新友饭店内聚餐喝了酒后，步入该大厦地下车库，驾驶沪ARXXXX荣威轿车驶离车库',1311,-1,'事实1',1,80,65550),(2021,3,'2、经鉴定，当日被告人王某某血液中乙醇含量为1.69毫克/毫升。',1312,-1,'事实2',1,80,65600),(2022,3,'3、3月7日3时许，被告人王某某要求他人帮助拨打110电话报警，后民警赶至现场而案发。',1313,-1,'事实3',1,80,65650),(2023,3,'2015年3月6日晚',1314,-1,'联结点181',5,80,65700),(2024,3,'王某某',1315,-1,'联结点182',5,80,65750),(2025,3,'新友饭店',1316,-1,'联结点183',5,80,65800),(2026,3,'荣威轿车',1317,-1,'联结点184',5,80,65850),(2027,3,'喝了酒',1318,-1,'联结点185',5,80,65900),(2028,3,'王某某',1319,-1,'联结点186',5,80,65950),(2029,3,'血液乙醇含量',1320,-1,'联结点187',5,80,66000),(2030,3,'1.69毫克/毫升',1321,-1,'联结点188',5,80,66050),(2031,3,'3月7日3时',1322,-1,'联结点189',5,80,66100),(2032,3,'王某某',1323,-1,'联结点190',5,80,66150),(2033,3,'他人帮助',1324,-1,'联结点191',5,80,66200),(2034,3,'民警',1325,-1,'联结点192',5,80,66250),(2035,3,'《刑法》第一百三十三条之一 ',1326,-1,'法条6',2,80,66300),(2036,3,'结论',1327,-1,'结论10',3,80,66350),(2037,3,'道路交通安全法第九十一条 ',1328,-1,'法条7',2,80,66400),(2038,3,'结论',1329,-1,'结论11',3,80,66450);
/*!40000 ALTER TABLE `logic_node` ENABLE KEYS */;
UNLOCK TABLES;
/*!40103 SET TIME_ZONE=@OLD_TIME_ZONE */;

/*!40101 SET SQL_MODE=@OLD_SQL_MODE */;
/*!40014 SET FOREIGN_KEY_CHECKS=@OLD_FOREIGN_KEY_CHECKS */;
/*!40014 SET UNIQUE_CHECKS=@OLD_UNIQUE_CHECKS */;
/*!40101 SET CHARACTER_SET_CLIENT=@OLD_CHARACTER_SET_CLIENT */;
/*!40101 SET CHARACTER_SET_RESULTS=@OLD_CHARACTER_SET_RESULTS */;
/*!40101 SET COLLATION_CONNECTION=@OLD_COLLATION_CONNECTION */;
/*!40111 SET SQL_NOTES=@OLD_SQL_NOTES */;

-- Dump completed on 2020-06-18 15:39:57
